,Type,Bedrooms,Location,Name_of_the_Society,Furnishing_Status,Bathrooms,Tenant_Prefered,Availability,Area_in_sqft,Floor,Maintenance_charges,Rent
0,Flat,4,"Kokapet, Outer Ring Road",Sonthalia Fortune Sky Villas,Furnished,5,Family,Immediately,7333,8,29000,₹3.5 Lac 
1,Flat,1,Kondapur,Kondapur,Furnished,1,Bachelors/Family,Immediately,450,4,1000,"₹25,000"
2,Flat,1,Kondapur,Kondapur,Furnished,1,Bachelors/Family,From Jun '25,700,5,1500,"₹26,500"
3,Flat,3,Kondapur,GHR Titania,Semi-Furnished,3,Bachelors,Immediately,1788,5,,"₹55,000"
4,Flat,3,"Kokapet, Outer Ring Road",Prestige Tranquil,Semi-Furnished,3,Family,Immediately,1166,3,4,"₹65,000"
5,Flat,3,Hitech City,Vishnu Vistara,Unfurnished,3,Bachelors/Family,Immediately,1890,,5000,"₹65,000"
6,House,3,Sitaram Bagh,,Unfurnished,3,Bachelors/Family,Immediately,840,2,,"₹20,000"
7,Flat,4,"Banjara Hills, NH 9",Dream Valencia,Semi-Furnished,4,Bachelors,Immediately,3124,6,7500,₹1.3 Lac 
8,Flat,3,"Narsingi, Outer Ring Road",Rajapushpa Provincia,Unfurnished,3,Bachelors,Immediately,2660,1,,₹1 Lac 
9,Flat,3,"Manchirevula, Outer Ring Road",My Home Avatar,Semi-Furnished,3,Bachelors/Family,Immediately,1511,2,7000,"₹65,000"
10,House,1,"Golnaka, Amberpet, NH 2 2",,Semi-Furnished,1,Bachelors,Immediately,600,,200,"₹9,000"
11,Villa,4,"Tellapur, Outer Ring Road",Mayfair Villas,Furnished,5,Bachelors/Family,Immediately,4000,,,₹1.3 Lac 
12,Flat,3,"Kokapet, Outer Ring Road",My Home Tarkshya,Semi-Furnished,3,Bachelors,Immediately,1957,3,7500,"₹70,000"
13,Villa,3,"Anupama Homes, Manikonda",,Semi-Furnished,3,Bachelors/Family,From Sep '25,2000,,1600,"₹57,000"
14,Flat,3,Kondapur,My Home Mangala,Unfurnished,3,Bachelors,Immediately,1798,1,6000,"₹60,000"
15,Flat,1,"PVR Colony, Vanasthalipuram",,Unfurnished,1,Family,Immediately,200,2,,"₹12,000"
16,Villa,4,Manikonda Jagir,Diamond Hills Colony,Semi-Furnished,2,Family,Immediately,1950,,1600,"₹60,000"
17,Flat,3,"Narsingi, Outer Ring Road",Hallmark Skyrena,Semi-Furnished,3,Bachelors,Immediately,1635,4,1,"₹55,000"
18,Flat,3,"Kokapet, Outer Ring Road",Prestige Tranquil,Unfurnished,3,Bachelors,Immediately,1500,8,,"₹68,000"
19,Flat,3,Hitech City,My Home Bhooja,Furnished,4,Bachelors,Immediately,3430,1,13000,₹2.5 Lac 
20,Flat,2,Indira Nagar Gachibowli,Prestige High Fields,Semi-Furnished,2,Bachelors/Family,Immediately,1283,1,,"₹55,000"
21,Flat,3,Phase 9 KPHB,Vasavi Signature,Semi-Furnished,4,Family,Immediately,2760,7,10000,"₹75,000"
22,Flat,3,Bachupally,Bhavyas Anandam,Semi-Furnished,2,Bachelors/Family,Immediately,1440,1,,"₹32,000"
23,Flat,3,Nalagandla,Aparna Cyberscape,Furnished,3,Family,From Jun '25,1945,1,,"₹72,000"
24,House,3,"Mansoorabad, NH 9",,Semi-Furnished,2,Family,Immediately,1200,,,"₹14,000"
25,Flat,3,"Gundlapochampally, Outer Ring Road",Vasu Sri Sunrise,Semi-Furnished,2,Bachelors/Family,Immediately,1425,1,3000,"₹15,000"
26,Flat,2,Medipalli,,Semi-Furnished,1,Family,Immediately,720,2,250,"₹9,000"
27,House,3,"Ameerpet, NH 9",,Semi-Furnished,2,Bachelors/Family,Immediately,1000,,,"₹30,000"
28,Flat,2,Nizampet,Lake Ridge Apartments,Semi-Furnished,2,Family,From Jun '25,1115,,2000,"₹27,000"
29,House,3,Nagaram,,Semi-Furnished,3,Bachelors/Family,Immediately,1400,,,"₹15,000"
30,Apartment,3,"Mallampet, Outer Ring Road",,Semi-Furnished,4,Family,Immediately,2200,3,1000,"₹40,000"
31,Apartment,3,"Kollur, Outer Ring Road",IRA Aspirations,Semi-Furnished,3,Bachelors/Family,Immediately,1895,6,,"₹36,000"
32,Apartment,3,"Kokapet, Outer Ring Road",Gem Nakshathra,Semi-Furnished,3,Family,Immediately,1820,8,5460,"₹55,000"
33,Apartment,2,Kompally,Splendeur Shweta Shubham,Semi-Furnished,2,Bachelors,From Jun '25,1114,5,,"₹22,000"
34,Apartment,2,Vivekananda Nagar Kukatpally,RK Heights,Semi-Furnished,2,Bachelors,From May '25,1150,5,,"₹30,000"
35,Apartment,3,"Narsingi, Outer Ring Road",Amigo United Avenues,Semi-Furnished,3,Bachelors/Family,Immediately,1702,1,,"₹48,000"
36,House,2,"Gouri Shankar Nagar Colony, Banjara Hills",,Furnished,2,Bachelors/Family,Immediately,980,,100,"₹31,000"
37,Villa,4,Kompally,The Neighbourhood,Semi-Furnished,5,Bachelors,Immediately,2739,,6155,"₹60,000"
38,Apartment,2,Gachibowli,Prestige High Fields,Semi-Furnished,2,Family,Immediately,1284,1,,"₹55,000"
39,Apartment,2,Seethaphalmandi,Krishna Leela Arcada,Semi-Furnished,2,Family,From Jun '25,100,1,1500,"₹13,500"
40,Villa,3,Petbasheerabad,,Furnished,3,Bachelors/Family,Immediately,1890,,,"₹60,000"
41,,3,Lingampally,,Semi-Furnished,3,Bachelors/Family,Immediately,1500,1,,"₹35,000"
42,House,4,"Kachiguda, NH 2 2",,Semi-Furnished,4,Bachelors/Family,Immediately,2700,,,"₹50,000"
43,Apartment,4,Film Nagar,Vamsiram Kaikala Residency,Semi-Furnished,5,Family,Immediately,5025,3,10000,₹2.3 Lac 
44,Villa,4,Manneguda,,Semi-Furnished,4,Bachelors/Family,Immediately,2400,,4000,"₹19,000"
45,House,2,Rd No 3 Banjara Hills,,Unfurnished,2,Family,Immediately,1100,1,,"₹25,000"
46,Villa,3,Maheshwaram,Prajay Virgin County Phase 2,Semi-Furnished,3,Bachelors/Family,Immediately,1750,,3500,"₹22,000"
47,Apartment,2,Lingampally Serilingampalle,,Semi-Furnished,2,Bachelors/Family,Immediately,697,2,,"₹19,000"
48,Villa,4,Nalagandla,RK CPR Bella Vista,Semi-Furnished,4,Bachelors/Family,Immediately,4000,,,₹1.1 Lac 
49,Apartment,3,Nandigaon,Tulips,Unfurnished,3,Bachelors/Family,Immediately,1360,2,,"₹42,000"
50,Apartment,2,New Malakpet,,Semi-Furnished,2,Bachelors/Family,Immediately,1100,3,,"₹18,500"
51,Villa,3,Bachupally,,Unfurnished,3,Bachelors,Immediately,2100,,1000,"₹25,000"
52,Villa,2,Rampally,,Semi-Furnished,2,Bachelors/Family,Immediately,1350,,200,"₹7,000"
53,House,3,Manikonda Jagir,,Furnished,3,Bachelors/Family,Immediately,2000,1,,₹1.5 Lac 
54,,3,Gayathri Nagar,,Unfurnished,3,Family,Immediately,1650,2,,"₹32,000"
55,Villa,3,"Tellapur, Outer Ring Road",Pruthvi Adithyas Belmont Greene,Semi-Furnished,5,Bachelors,Immediately,2200,,,"₹85,000"
56,Villa,4,Pragathi Nagar Moosapet,,Semi-Furnished,4,Bachelors/Family,Immediately,2800,,7000,"₹75,000"
57,Villa,4,Chanda Nagar,Aparna Hillpark Gardenia,Semi-Furnished,5,Bachelors,Immediately,3500,,12000,"₹90,000"
58,House,3,Jubilee Hills,,Furnished,4,Bachelors/Family,Immediately,2900,,,₹1.3 Lac 
59,Apartment,4,Gachibowli,Prestige High Fields,Semi-Furnished,4,Family,Immediately,1953,2,10300,"₹95,000"
60,Apartment,3,Mallapur,,Semi-Furnished,2,Bachelors,Immediately,1600,4,4200,"₹29,000"
61,Apartment,3,"Pocharam, NH 2 2",Sanskruti Township,Semi-Furnished,3,Bachelors/Family,Immediately,1453,3,,"₹22,000"
62,Apartment,2,Huda mayuri calony,,Unfurnished,2,Bachelors/Family,Immediately,1100,3,,"₹22,000"
63,Villa,4,"Tellapur, Outer Ring Road",Visions Urjith,Unfurnished,5,Bachelors,Immediately,3600,,17000,₹1.7 Lac 
64,House,3,Old Alwal,,Semi-Furnished,3,Bachelors/Family,Immediately,1650,1,,"₹35,000"
65,Apartment,2,Manikonda Jagir,Sai Brundavanam,Furnished,2,Bachelors,Immediately,1200,4,,"₹38,000"
66,Apartment,3,"Gundlapochampally, Outer Ring Road",Aparna Kanopy Yellow Bells,Unfurnished,2,Bachelors,Immediately,1536,1,3500,"₹30,000"
67,Apartment,3,Kamalapuri Colony,Srinagar Colony,Semi-Furnished,3,Bachelors,Immediately,2400,2,,"₹63,000"
68,Apartment,3,"Banjara Hills, NH 9",Manbhum Opus,Semi-Furnished,3,Bachelors/Family,Immediately,1980,2,,"₹62,000"
69,,1,Old Bowenpally,,Unfurnished,1,Bachelors/Family,Immediately,100,2,,"₹6,000"
70,House,2,Chikkadpally,,Semi-Furnished,2,Bachelors,Immediately,1250,2,,"₹19,000"
71,Apartment,3,Mallapur,,Semi-Furnished,3,Bachelors,Immediately,905,3,,"₹26,000"
72,,2,Hitech City,,Unfurnished,2,Bachelors/Family,Immediately,1100,3,1000,"₹42,000"
73,Apartment,3,Kondapur,SMR Vinay Iconia,Unfurnished,3,Bachelors,Immediately,1908,1,,"₹68,000"
74,Apartment,3,"Financial District, Nanakram Guda",Jayabheri Orange Towers,Semi-Furnished,3,Family,Immediately,3300,7,19000,₹1.3 Lac 
75,Apartment,3,"Kukatpally, NH 9",Indis One City,Semi-Furnished,3,Family,Immediately,1860,,6000,"₹62,000"
76,Apartment,3,Nanakaramguda,My Home Krishe,Semi-Furnished,3,Family,From Jun '25,2200,5,7000,"₹75,000"
77,Apartment,3,Gachibowli,Prestige High Fields,Furnished,4,Family,Immediately,1742,2,8222,"₹85,000"
78,,3,Kondapur,,Semi-Furnished,3,Bachelors,Immediately,1500,1,2000,"₹40,000"
79,Apartment,2,"Hafeezpet, NH 9",Nandini Towers,Semi-Furnished,2,Bachelors/Family,Immediately,1500,1,2000,"₹30,000"
80,,2,Kondapur,Kondapur,Furnished,2,Bachelors,Immediately,1000,1,2000,"₹36,000"
81,Apartment,3,"Kokapet, Outer Ring Road",Prestige Tranquil,Semi-Furnished,2,Bachelors/Family,Immediately,900,1,,"₹52,000"
82,Apartment,3,"Mansoorabad, NH 9",Eminence Heights,Semi-Furnished,3,Family,Immediately,1400,5,2500,"₹26,000"
83,Villa,4,"Tellapur, Outer Ring Road",Muppas Indraprastha,Semi-Furnished,5,Bachelors,Immediately,3410,,12000,"₹85,000"
84,Apartment,3,Kondapur,Sumadhura Horizon,Semi-Furnished,3,Bachelors,Immediately,1700,1,6000,"₹60,000"
85,Apartment,2,Alkapoor,Alkapoor Township,Semi-Furnished,2,Bachelors/Family,Immediately,1150,2,2000,"₹28,000"
86,Apartment,3,Nalagandla,Aparna Sarovar Zenith,Unfurnished,3,Bachelors,From Jun '25,1200,2,6000,"₹55,000"
87,Apartment,3,"Tellapur, Outer Ring Road",Greenmark Mayfair Apartments,Semi-Furnished,3,Bachelors/Family,Immediately,1825,5,6000,"₹50,000"
88,Apartment,4,"Banjara Hills, NH 9",Sri Sreenivasa Fortune One,Semi-Furnished,4,Family,Immediately,3750,9,23000,₹3.1 Lac 
89,Villa,4,Manikonda Jagir,,Furnished,5,Bachelors,Immediately,5300,,,₹2 Lac 
90,Villa,4,"P Janardhan Reddy Nagar, Gachibowli, Outer Ring Road",,Semi-Furnished,5,Bachelors/Family,Immediately,6000,,20000,₹1.7 Lac 
91,,1,Kondapur,,Furnished,1,Bachelors,Immediately,550,3,1000,"₹23,500"
92,Apartment,3,Kondapur,Bollineni Bion,Semi-Furnished,4,Bachelors/Family,Immediately,2290,7,7000,"₹85,000"
93,Apartment,2,Gachibowli,Golf Edge,Unfurnished,2,Bachelors/Family,Immediately,1600,2,6000,"₹50,000"
94,Apartment,2,Canduer 40,,Semi-Furnished,2,Bachelors,Immediately,1233,2,5000,"₹33,000"
95,,3,"Banjara Hills, NH 9",,Furnished,4,Bachelors,Immediately,3200,,5000,₹2 Lac 
96,Villa,4,"Nandagiri Hills, Jubilee Hills",,Semi-Furnished,4,Bachelors/Family,Immediately,8000,,12000,₹6 Lac 
97,Villa,4,"Tellapur, Outer Ring Road",Muppas Indraprastha,Semi-Furnished,4,Family,Immediately,3700,,14193,₹1.4 Lac 
98,Villa,3,Osman Nagar,,Furnished,5,Family,Immediately,3565,,,₹1 Lac 
99,Apartment,4,Hitech City,Quiescent Heights,Semi-Furnished,4,Bachelors/Family,Immediately,2800,,13000,"₹90,000"
100,Apartment,3,Puppalguda,EIPL CORNERSTONE,Semi-Furnished,3,Bachelors,Immediately,1950,9,,"₹70,000"
101,Villa,4,Gandipet,,Semi-Furnished,5,Family,Immediately,5395,,10000,₹1.9 Lac 
102,Apartment,3,Manikonda Jagir,Ambience Courtyard,Semi-Furnished,3,Bachelors/Family,Immediately,1630,5,4700,"₹60,100"
103,Apartment,2,Gachibowli,Patel Smondo,Furnished,2,Bachelors/Family,Immediately,1120,5,4000,"₹61,000"
104,Apartment,3,"Kokapet, Outer Ring Road",My Home Tarkshya,Semi-Furnished,3,Bachelors/Family,Immediately,2235,2,9500,"₹75,000"
105,Apartment,3,kondapur Raghavendra colony,,Semi-Furnished,3,Bachelors,Immediately,1850,3,2000,"₹40,000"
106,Apartment,3,"Banjara Hills, NH 9",Krishe Valley,Furnished,3,Bachelors/Family,Immediately,2450,5,,₹1.5 Lac 
107,Apartment,3,Kondapur,,Furnished,3,Bachelors,Immediately,1600,3,,"₹41,000"
108,Apartment,3,Madhura Nagar Colony Gachibowli,Phoenix Golfedge Residences,Semi-Furnished,2,Bachelors/Family,Immediately,1250,1,,"₹60,000"
109,Apartment,3,"Kokapet, Outer Ring Road",Poulomi Avante,Semi-Furnished,3,Bachelors,Immediately,1555,1,6000,"₹55,000"
110,Villa,4,"Tellapur, Outer Ring Road",Visions Urjith,Semi-Furnished,6,Bachelors,Immediately,4550,,3,₹1.5 Lac 
111,Apartment,3,"Narsingi, Outer Ring Road",My Home Avatar,Semi-Furnished,3,Bachelors,Immediately,1834,1,6500,"₹65,000"
112,Apartment,3,Chikkadpally,,Unfurnished,3,Bachelors/Family,Immediately,1450,3,1000,"₹40,000"
113,Apartment,2,Gachibowli,Prestige High Fields,Semi-Furnished,2,Bachelors/Family,Immediately,1080,3,5132,"₹55,000"
114,Villa,4,"Tellapur, Outer Ring Road",My Home Ankura,Unfurnished,4,Bachelors,Immediately,3223,,10000,₹1 Lac 
115,Apartment,3,Hitech City,My Home Bhooja,Semi-Furnished,3,Bachelors,Immediately,3430,5,,₹2.8 Lac 
116,Apartment,4,Gachibowli,Rajapushpa Eterna,Semi-Furnished,5,Bachelors/Family,Immediately,4300,1,,₹1.7 Lac 
117,Apartment,2,Masjid Banda,Aparna Serene Park,Semi-Furnished,2,Family,Immediately,1295,7,4500,"₹50,000"
118,Apartment,3,Hitech City,My Home Bhooja,Unfurnished,3,Bachelors,Immediately,2680,5,,₹1.6 Lac 
119,Apartment,3,Shaikpet,Aditya Empress Towers,Semi-Furnished,3,Bachelors,Immediately,2100,2,5000,"₹60,000"
120,Apartment,2,Bagh Lingampally,,Semi-Furnished,2,Bachelors/Family,Immediately,1200,2,1000,"₹25,000"
121,Apartment,3,Kondapur,Trendset Jayabheri Elevate,Semi-Furnished,4,Bachelors,Immediately,2215,1,2000,₹1.2 Lac 
122,Apartment,3,Jeedimetla,Laxmi Ganga Enclave,Semi-Furnished,3,Bachelors,Immediately,950,3,2100,"₹25,000"
123,Apartment,3,Jubilee Hills,,Semi-Furnished,4,Bachelors/Family,Immediately,2700,1,10000,"₹80,000"
124,Villa,4,"Kollur, Outer Ring Road",Magna Majestic Meadows,Semi-Furnished,4,Bachelors,Immediately,3632,,10500,"₹75,000"
125,,4,Jubilee Hills,,Furnished,4,Bachelors/Family,Immediately,4680,2,15000,₹2 Lac 
126,Apartment,3,Kondapur,SMR Vinay Iconia,Furnished,3,Bachelors,Immediately,2100,1,47000,"₹70,000"
127,Apartment,3,Kondapur,Aparna Serene Park,Furnished,3,Bachelors/Family,Immediately,1795,1,10000,₹1.1 Lac 
128,Apartment,4,Madhapur,DSR Reganti,Semi-Furnished,4,Bachelors,Immediately,3500,9,15000,₹1.5 Lac 
129,Villa,3,"Tellapur, Outer Ring Road",Visions Urjith,Unfurnished,3,Bachelors,Immediately,2500,,10000,₹1.1 Lac 
130,Apartment,3,"Kokapet, Outer Ring Road",Poulomi Avante,Semi-Furnished,3,Bachelors/Family,Immediately,1960,1,7000,"₹60,000"
131,Apartment,3,Nalagandla,Aakriti Miro,Furnished,3,Bachelors,Immediately,1450,1,1,"₹70,000"
132,Apartment,3,"Kokapet, Outer Ring Road",Crown Whistling Woods,Furnished,3,Bachelors,Immediately,2200,3,,"₹54,000"
133,Apartment,2,Sri Ram Nagar Kondapur,My Home Mangala,Semi-Furnished,2,Family,Immediately,1100,1,3500,"₹45,000"
134,Apartment,3,"Kokapet, Outer Ring Road",Rajapushpa Regalia,Furnished,3,Bachelors/Family,Immediately,2170,9,6800,"₹67,000"
135,Villa,4,chitrapuri manikonda,Hyderabad,Furnished,4,Bachelors/Family,Immediately,2500,,,₹2.8 Lac 
136,Apartment,3,"Kokapet, Outer Ring Road",Prestige Beverly Hills,Semi-Furnished,3,Bachelors,Immediately,2124,1,5000,₹1 Lac 
137,Apartment,3,"Kokapet, Outer Ring Road",Prestige Tranquil,Semi-Furnished,3,Bachelors/Family,Immediately,1769,1,6000,"₹62,000"
138,Apartment,3,"Kokapet, Outer Ring Road",Prestige Tranquil,Semi-Furnished,3,Bachelors,Immediately,1361,2,7500,"₹63,000"
139,Apartment,4,"Financial District, Nanakram Guda",Pacifica Hillcrest,Furnished,2,Bachelors/Family,Immediately,1700,6,9000,"₹70,000"
140,Apartment,1,Chanda Nagar,RRR Residency,Semi-Furnished,1,Bachelors,Immediately,700,2,1500,"₹18,000"
141,Apartment,3,MLA Colony Banjara Hills,Sri Sreenivasa Fortune One,Semi-Furnished,3,Bachelors/Family,Immediately,3000,5,16000,₹2.7 Lac 
142,Apartment,3,Hitech City,Myscape Sanctuary,Semi-Furnished,3,Bachelors/Family,Immediately,1800,5,5000,"₹53,000"
143,Apartment,2,Gachibowli,Pacifica Hillcrest,Furnished,2,Bachelors/Family,Immediately,850,5,4000,"₹52,000"
144,Apartment,3,Kondapur,Bollineni Bion,Unfurnished,2,Bachelors/Family,Immediately,1620,5,6000,"₹75,000"
145,Apartment,3,HUDA Layout Nalagandla,Aparna Cyber Commune,Furnished,3,Bachelors/Family,Immediately,1350,,5000,"₹42,000"
146,Apartment,3,Jubilee Hills,,Unfurnished,4,Bachelors/Family,Immediately,2900,1,7500,₹1.1 Lac 
147,Apartment,3,"Narsingi, Outer Ring Road",Rajapushpa Provincia,Semi-Furnished,3,Bachelors,Immediately,1715,2,5000,"₹70,000"
148,Apartment,3,Gachibowli,Niharika Skyline,Semi-Furnished,3,Bachelors,Immediately,1600,1,80000,"₹85,000"
149,Villa,4,"Kokapet, Outer Ring Road",Gated Community,Furnished,5,Bachelors/Family,Immediately,4000,,10000,₹2.5 Lac 
150,Apartment,4,Izzathnagar,Aurobindo Kohinoor,Semi-Furnished,4,Family,Immediately,2948,4,15000,₹1.3 Lac 
151,Apartment,2,Gachibowli,Pacifica Hillcrest,Semi-Furnished,2,Bachelors,Immediately,1200,9,4000,"₹40,000"
152,Apartment,3,Nanakaramguda,My Home Krishe,Semi-Furnished,3,Family,Immediately,2500,3,9000,"₹80,000"
153,Apartment,1,Sri Ram Nagar Kondapur,,Furnished,1,Bachelors/Family,Immediately,450,2,2000,"₹25,000"
154,Apartment,3,Nalagandla,Aparna Sarovar Zenith,Semi-Furnished,3,Bachelors/Family,Immediately,1790,1,,"₹60,000"
155,Apartment,1,Kondapur,,Furnished,1,Bachelors/Family,Immediately,591,4,,"₹20,000"
156,Villa,4,"Tellapur, Outer Ring Road",Aditya Eden Woods,Semi-Furnished,5,Bachelors/Family,Immediately,3850,,15000,₹1 Lac 
157,Apartment,1,Mallikarjuna Colony,,Semi-Furnished,2,Bachelors/Family,Immediately,600,2,,"₹16,000"
158,House,1,Patelguda,BHEL Metro Enclave,Semi-Furnished,1,Bachelors,Immediately,650,1,,"₹10,000"
159,Apartment,3,Gachibowli,Niharika Skyline,Semi-Furnished,3,Bachelors,Immediately,2105,1,6300,"₹85,000"
160,Apartment,3,Bandlaguda Jagir,SMR Vinay Boulder Woods,Semi-Furnished,2,Bachelors,Immediately,1375,5,,"₹40,000"
161,Apartment,2,Adibatla,Jubilee Hills,Semi-Furnished,2,Bachelors,Immediately,900,2,,"₹26,000"
162,Apartment,3,Bandlaguda Nagole,,Semi-Furnished,2,Bachelors/Family,Immediately,1475,5,,"₹17,000"
163,Apartment,3,"Tellapur, Outer Ring Road",Aliens Space Station 1 Cassini,Semi-Furnished,3,Bachelors/Family,From Jun '25,1800,2,,"₹48,500"
164,Apartment,2,"Uppal, NH 2 2",,Unfurnished,2,Bachelors,Immediately,950,3,500,"₹14,000"
165,House,2,Chengicherla,,Semi-Furnished,2,Bachelors/Family,Immediately,800,,,"₹10,000"
166,Apartment,3,"Kokapet, Outer Ring Road",Prestige Tranquil,Semi-Furnished,3,Bachelors,Immediately,1250,1,6000,"₹55,000"
167,Apartment,3,Defence Colony Sainikpuri,,Semi-Furnished,2,Bachelors/Family,Immediately,1390,2,1200,"₹22,000"
168,Apartment,3,Avighna heights,,Semi-Furnished,3,Bachelors,Immediately,1300,1,,"₹33,000"
169,Apartment,3,Nalagandla,Avantikas Anuradha,Semi-Furnished,3,Bachelors/Family,Immediately,1450,2,,"₹35,000"
170,Apartment,3,"Kokapet, Outer Ring Road",Poulomi Avante,Semi-Furnished,3,Bachelors,Immediately,1840,1,,"₹65,000"
171,Apartment,2,"Pocharam, NH 2 2",ASBL Springs,Semi-Furnished,2,Bachelors,Immediately,1210,7,,"₹28,000"
172,Apartment,3,Sri Ganesh Nagar Punjagutta Officers Colony,,Unfurnished,3,Family,Immediately,1570,2,,"₹35,000"
173,Villa,3,Patelguda,,Semi-Furnished,3,Family,Immediately,2800,,1500,"₹20,000"
174,House,2,Alwal,,Furnished,2,Bachelors/Family,From Jun '25,1950,,,"₹30,000"
175,Apartment,2,Madhapur,,Furnished,4,Bachelors/Family,Immediately,950,4,,"₹37,000"
176,Apartment,2,Pragathi Enclave,,Semi-Furnished,2,Bachelors,Immediately,853,1,1000,"₹18,000"
177,House,2,Narayanguda,,Semi-Furnished,2,Bachelors/Family,Immediately,900,,,"₹22,000"
178,Apartment,3,Gundlapochampalli,,Furnished,2,Bachelors/Family,Immediately,1362,4,,"₹27,000"
179,Apartment,3,"Kokapet, Outer Ring Road",Lotus Grand,Furnished,2,Bachelors,Immediately,1446,7,,"₹46,000"
180,Villa,3,Nallagandla Tellapur Road,,Semi-Furnished,3,Bachelors,Immediately,2800,,,"₹50,000"
181,House,2,"Boduppal, NH 2 2",,Unfurnished,2,Bachelors,Immediately,700,,,"₹10,000"
182,Apartment,3,Bandlaguda Nagole,,Semi-Furnished,3,Family,From Jun '25,1550,3,2000,"₹22,000"
183,House,2,Dammaiguda,,Unfurnished,2,Bachelors,Immediately,250,,,"₹15,000"
184,House,2,Chintal,,Unfurnished,2,Bachelors,Immediately,1500,,,"₹25,000"
185,Apartment,2,Sunway opus grand neville 3A,,Furnished,2,Bachelors/Family,From Jul '25,1101,2,,"₹22,000"
186,Apartment,2,journalist colony phase 3 gowlidoddi,,Unfurnished,2,Bachelors,Immediately,950,3,1000,"₹24,000"
187,Apartment,3,"Miyapur, NH 9",SMR Vinay City,Semi-Furnished,2,Bachelors,From Jun '25,1250,1,,"₹32,000"
188,Apartment,3,"Kukatpally, NH 9",Jayabharathi Gardens,Semi-Furnished,2,Bachelors/Family,Immediately,1100,1,1000,"₹12,000"
189,Apartment,3,"Alkapur Township, Manikonda, Outer Ring Road",,Unfurnished,3,Bachelors,Immediately,2000,1,,"₹40,000"
190,Apartment,2,"Chanda Naik Nagar, Madhapur",Ayyappa Society,Unfurnished,2,Bachelors,Immediately,978,3,,"₹28,000"
191,Apartment,3,"Manovikas Nagar, Secunderabad, NH 7",,Furnished,3,Bachelors/Family,Immediately,1500,5,,"₹38,000"
192,Apartment,2,Kothapet,Shriya Ambience,Furnished,2,Bachelors,Immediately,1190,5,1500,"₹40,000"
193,Apartment,3,"Pocharam, NH 2 2",Sahasram The Ananda,Semi-Furnished,3,Bachelors,Immediately,1143,4,,"₹35,000"
194,Apartment,3,"Kokapet, Outer Ring Road",My Home Tarkshya,Semi-Furnished,3,Bachelors,Immediately,2235,2,,"₹75,000"
195,Apartment,3,"Financial District, Nanakram Guda",Vyjayanth Chalets,Furnished,3,Bachelors,Immediately,2800,4,,"₹95,000"
196,House,2,TNGOs Colony Phase 2,,Semi-Furnished,2,Family,Immediately,1250,2,,"₹30,000"
197,Apartment,4,Gachibowli,Bricks Skywoods,Furnished,4,Bachelors,Immediately,3800,1,,"₹95,000"
198,Apartment,1,Gowlidoddy,,Furnished,1,Bachelors,Immediately,250,2,,"₹24,000"
199,Villa,3,Mayuri Nagar Miyapur,,Semi-Furnished,3,Bachelors/Family,Immediately,4000,,,"₹60,000"
200,Apartment,3,"Abids, NH 7",,Semi-Furnished,3,Bachelors,Immediately,2400,4,4500,"₹55,000"
201,Apartment,2,Shirdi Enclave Badangpet,,Unfurnished,2,Bachelors/Family,Immediately,1000,3,,"₹12,000"
202,Apartment,3,Nallagandla Tellapur Road,,Semi-Furnished,2,Bachelors/Family,Immediately,1650,1,2500,"₹30,000"
203,Apartment,3,Chanda Nagar,,Semi-Furnished,3,Bachelors/Family,Immediately,1560,3,,"₹30,000"
204,Apartment,3,"Pocharam, NH 2 2",Sanskruti Township,Unfurnished,2,Bachelors/Family,Immediately,1450,3,,"₹18,000"
205,House,4,"Kukatpally, NH 9",,Semi-Furnished,3,Bachelors/Family,Immediately,1900,,,"₹70,000"
206,House,2,Nagole,,Unfurnished,2,Bachelors/Family,Immediately,1450,,,"₹23,500"
207,Villa,3,Nagaram,Villas at Silver Creek,Semi-Furnished,3,Bachelors/Family,Immediately,2400,,,"₹19,000"
208,House,3,Kompally,,Semi-Furnished,3,Bachelors/Family,Immediately,1850,2,,"₹35,000"
209,House,3,West Marredpally,,Semi-Furnished,3,Bachelors,Immediately,1800,1,,"₹40,000"
210,Villa,4,Mokila,Sark One,Unfurnished,4,Family,Immediately,4000,,7000,"₹55,000"
211,House,3,Ramakrishnapuram Neredmet,,Unfurnished,2,Bachelors/Family,Immediately,1450,,1000,"₹25,000"
212,Villa,3,Khanapur,,Semi-Furnished,5,Bachelors,Immediately,3500,,,₹1.5 Lac 
213,House,2,Dammaiguda,,Unfurnished,2,Bachelors/Family,Immediately,1000,,,"₹10,000"
214,Apartment,3,Bharat Nagar Colony,,Unfurnished,3,Bachelors,Immediately,1380,3,,"₹31,000"
215,House,3,"Bowrampet, Outer Ring Road",Divya Sai Projects Sai Keerthi Homes,Furnished,2,Bachelors/Family,Immediately,2000,,,"₹28,000"
216,,2,"Kukatpally Housing Board Colony, NH 9",,Semi-Furnished,2,Family,Immediately,1200,,,₹2.2 Lac 
217,Apartment,3,"Moosarambagh, NH 9",,Semi-Furnished,3,Bachelors/Family,Immediately,1500,5,,"₹35,000"
218,Apartment,3,"Pocharam, NH 2 2",Envirise Apartment Homes,Semi-Furnished,3,Bachelors/Family,Immediately,1521,3,2500,"₹21,000"
219,Apartment,3,Madhapur,My Home Abhra,Furnished,3,Family,Immediately,2595,1,11000,₹1.4 Lac 
220,Apartment,4,Ramkoti,,Semi-Furnished,4,Family,,,2,,"₹43,000"
221,Villa,4,Gowlidoddy,,Semi-Furnished,5,Family,Immediately,3900,,22000,₹1.7 Lac 
222,Apartment,3,Manikonda Jagir,Silver Springs Apartment,Semi-Furnished,3,Bachelors,Immediately,1780,2,,"₹37,000"
223,Apartment,3,Kompally,Modi Palm Springs,Semi-Furnished,2,Bachelors,Immediately,1432,,,"₹30,000"
224,Villa,4,"Hafeezpet, NH 9",Vasantha City,Semi-Furnished,6,Bachelors/Family,Immediately,4500,,10000,₹1.8 Lac 
225,Apartment,3,Nalagandla,Aparna CyberZon,Semi-Furnished,3,Family,From Jul '25,1855,2,6000,"₹50,000"
226,Apartment,2,Gowlidoddy,,Furnished,2,Bachelors/Family,Immediately,1150,2,1500,"₹36,000"
227,Villa,4,"Kokapet, Outer Ring Road",ACE Casablanca,Semi-Furnished,5,Bachelors/Family,Immediately,6000,,,₹2.5 Lac 
228,House,1,Narayanguda,,Unfurnished,1,Bachelors/Family,Immediately,40,,,"₹5,000"
229,Apartment,2,Jeedimetla,Meenakshi Courts,Unfurnished,2,Bachelors/Family,Immediately,750,2,,"₹13,000"
230,Apartment,3,Road No 4,,Furnished,3,Bachelors/Family,Immediately,2452,1,,"₹75,000"
231,Villa,4,Kompally,Saket Bhusatva,Semi-Furnished,4,Bachelors/Family,Immediately,2800,,,"₹25,000"
232,Apartment,1,Aditya Nagar Hafeezpet,,Semi-Furnished,1,Bachelors/Family,Immediately,500,2,,"₹20,000"
233,Villa,4,Kondapur,,Semi-Furnished,3,Bachelors/Family,Immediately,3000,,,"₹70,000"
234,Villa,4,Thumukunta,,Semi-Furnished,4,Bachelors,Immediately,3600,,5000,"₹70,000"
235,Villa,4,"Tellapur, Outer Ring Road",Muppas Indraprastha,Unfurnished,4,Bachelors/Family,Immediately,4045,,,₹1.2 Lac 
236,Apartment,3,"Lakdikapul, NH 9",Srree Mahalakshmi Meadows,Semi-Furnished,3,Bachelors/Family,Immediately,2300,2,,"₹60,000"
237,Apartment,2,My Home Avatar,,Semi-Furnished,2,Bachelors,Immediately,1310,1,,"₹30,000"
238,,2,"LB Nagar, NH 9",Vasavi Sri Nilayam,Semi-Furnished,3,Bachelors,Immediately,1800,1,,"₹30,000"
239,Villa,4,Goncha hill kokapet,,Unfurnished,5,Bachelors/Family,Immediately,2900,,,₹1.3 Lac 
240,Apartment,3,"Kukatpally, NH 9",Bhavyas Tulasivanam,Furnished,2,Bachelors/Family,Immediately,1450,,,"₹45,000"
241,Apartment,3,"Lakdikapul, NH 9",Skill Fern Heights,Furnished,3,Bachelors,Immediately,2000,3,,₹1.2 Lac 
242,Apartment,3,Izzathnagar,Aurobindo Kohinoor,Furnished,3,Bachelors/Family,Immediately,2192,2,,"₹97,000"
243,Apartment,2,Attapur,,Unfurnished,2,Bachelors,Immediately,1250,4,2000,"₹14,000"
244,Apartment,2,Begumpet,Sampada Heavens,Semi-Furnished,2,Bachelors/Family,From Jun '25,1050,3,,"₹20,000"
245,Apartment,2,Gachibowli,Hill Ridge Springs,Semi-Furnished,2,Family,From Aug '25,1283,5,5500,"₹45,000"
246,Villa,4,Velmala,Elegans Emperia Homes,Furnished,7,Bachelors/Family,Immediately,3389,,12000,"₹80,000"
247,Apartment,3,"Champapet, Koti",,Furnished,3,Bachelors,Immediately,1490,1,1500,"₹30,000"
248,House,3,Narayanguda,,Semi-Furnished,2,Family,Immediately,,,,"₹23,000"
249,Apartment,3,"Banjara Hills, NH 9",,Furnished,4,Bachelors/Family,Immediately,4900,1,,₹2.5 Lac 
250,Apartment,2,TNGOs Colony Phase 2,,Furnished,2,Bachelors/Family,Immediately,1100,1,1500,"₹42,000"
251,Apartment,3,Manikonda Jagir,,Semi-Furnished,3,Bachelors/Family,Immediately,1950,2,,"₹50,000"
252,Apartment,3,Hill County Road,,Semi-Furnished,3,Family,Immediately,1546,1,4500,"₹35,000"
253,Apartment,1,Sree Jyoshitha Heights,,Unfurnished,1,Bachelors/Family,Immediately,1000,5,,"₹12,000"
254,Apartment,2,"Narsingi, Outer Ring Road",,Semi-Furnished,2,Bachelors/Family,Immediately,1000,3,4000,"₹55,000"
255,House,2,"Dandamudi Enclave, Jeedimetla",,Semi-Furnished,2,Bachelors/Family,Immediately,1600,,1000,"₹25,000"
256,Apartment,3,Yapral,Sainikpuri Plots,Unfurnished,3,Bachelors/Family,Immediately,1908,1,,"₹25,000"
257,Apartment,3,"Kukatpally, NH 9",Adarsh Homes,Unfurnished,3,Bachelors,Immediately,1480,2,2000,"₹32,000"
258,Apartment,3,Gachibowli,Jayabheri Orange County,Semi-Furnished,3,Family,Immediately,2440,5,,"₹78,000"
259,Apartment,3,Kondapur,,Semi-Furnished,3,Bachelors/Family,Immediately,1600,2,3000,"₹40,000"
260,Apartment,4,Hitech City,My Home Bhooja,Semi-Furnished,4,Bachelors,Immediately,4070,1,15000,₹2.7 Lac 
261,Apartment,3,Nalagandla,Aparna CyberZon,Furnished,3,Bachelors/Family,Immediately,1855,1,6000,"₹60,000"
262,Apartment,3,Kondapur,Sumadhura Horizon,Furnished,3,Bachelors,Immediately,2510,6,,"₹95,000"
263,Villa,3,"Saket, Secunderabad",,Semi-Furnished,3,Bachelors/Family,Immediately,2500,,,"₹30,000"
264,Apartment,3,Gopanpalle,Honer Aquantis,Semi-Furnished,3,Bachelors,Immediately,1610,1,6000,"₹50,000"
265,Villa,3,Mokila,Subishi Bliss Luxury Homes,Furnished,3,Bachelors,Immediately,2500,,,"₹55,000"
266,Villa,3,Kompally,,Unfurnished,4,Bachelors/Family,Immediately,2000,,4500,"₹33,000"
267,Apartment,3,Puppalguda,,Semi-Furnished,3,Bachelors/Family,Immediately,1722,1,,"₹60,000"
268,Apartment,3,Kompally,Sri Tirumala Kasaani Residency,Semi-Furnished,3,Bachelors,Immediately,1450,2,,"₹22,000"
269,Apartment,3,Manikonda Road,,Semi-Furnished,2,Bachelors/Family,From Jun '25,1733,3,,"₹50,000"
270,Apartment,2,"Sun City, Bandlaguda, Chevella Road",,Semi-Furnished,2,Bachelors,Immediately,1400,3,1000,"₹14,000"
271,Apartment,3,Siri Gayatri Residency,,Semi-Furnished,2,Bachelors/Family,Immediately,1350,1,,"₹45,000"
272,House,4,"Miyapur, NH 9",,Unfurnished,4,Bachelors/Family,From Jul '25,3000,1,,"₹60,000"
273,Villa,4,Nalagandla,,Semi-Furnished,5,Family,Immediately,3500,,12000,"₹85,000"
274,Apartment,1,Maraali Mansion,,Semi-Furnished,2,Bachelors,Immediately,590,2,1000,"₹10,000"
275,,3,Chanda Nagar,My Home Jewel,Semi-Furnished,3,Bachelors/Family,From May '25,1645,1,,"₹47,000"
276,House,2,"Hyder Shah Kote, Chevella Road",,Unfurnished,2,Family,Immediately,1200,,,"₹35,000"
277,Villa,4,Appa Junction Area,Empire Insignia,Furnished,3,Bachelors,Immediately,3400,,9000,"₹75,000"
278,House,2,Appa Junction Area,,Semi-Furnished,2,Bachelors/Family,Immediately,1300,1,1000,"₹26,000"
279,Apartment,2,Bachupally,Koushik Residency,Semi-Furnished,2,Bachelors/Family,Immediately,1150,,,"₹9,000"
280,Apartment,3,Gachibowli,Ramky Towers,Semi-Furnished,3,Bachelors/Family,Immediately,2410,1,,"₹80,000"
281,Apartment,3,"Narsingi, Outer Ring Road",My Home Avatar,Semi-Furnished,3,Bachelors,Immediately,1200,1,,"₹65,000"
282,Apartment,3,"Banjara Hills, NH 9",The Valencia,Semi-Furnished,3,Bachelors/Family,Immediately,3030,2,6500,₹1.2 Lac 
283,Villa,4,"Kokapet, Outer Ring Road",Villa Scapes,Semi-Furnished,4,Bachelors/Family,Immediately,3773,,,₹1.3 Lac 
284,,2,Gopanapalli Thanda,,Semi-Furnished,2,Bachelors,Immediately,1000,1,,"₹32,000"
285,Apartment,3,"Narsingi, Outer Ring Road",Hallmark Skyrena,Semi-Furnished,3,Bachelors/Family,Immediately,1600,1,,"₹60,000"
286,Apartment,3,Nacharam,Venkateswara Heights,Semi-Furnished,2,Bachelors,Immediately,1400,3,2400,"₹28,000"
287,Apartment,4,Gachibowli,Niharika Skyline,Unfurnished,4,Bachelors/Family,Immediately,2500,2,7950,₹1.1 Lac 
288,House,2,"Malakpet, NH 9",,Unfurnished,2,Bachelors/Family,Immediately,1200,1,,"₹18,000"
289,Villa,4,Ramachandrapuram,Praneeth Pranav Knightwoods,Semi-Furnished,4,Bachelors,Immediately,2312,,,"₹45,000"
290,Apartment,3,Sainikpuri,Vaishnavis Epitome,Unfurnished,3,Bachelors/Family,Immediately,1757,4,3000,"₹27,000"
291,Apartment,3,Kismatpur Road,,Semi-Furnished,4,Bachelors,Immediately,2200,1,,"₹50,000"
292,House,2,Kapra,Saket Township,Unfurnished,2,Bachelors,Immediately,2200,1,800,"₹23,000"
293,Apartment,3,Singapore Township,,Unfurnished,2,Family,Immediately,1475,1,,"₹30,000"
294,Apartment,3,Phase 2 KPHB,,Semi-Furnished,3,Bachelors/Family,Immediately,1350,5,3500,"₹38,000"
295,House,3,Sainikpuri,,Semi-Furnished,2,Bachelors/Family,Immediately,1300,1,,"₹18,000"
296,,2,Prakash Nagar Begumpet,,Semi-Furnished,2,Bachelors/Family,Immediately,1500,3,,"₹25,000"
297,Apartment,3,JNTU Road,,Furnished,3,Bachelors/Family,Immediately,1752,5,4000,"₹49,000"
298,,3,Nacharam,,Semi-Furnished,2,Bachelors/Family,Immediately,1300,2,,"₹30,000"
299,Villa,4,Shamshabad,,Unfurnished,6,Bachelors/Family,Immediately,3600,,,"₹60,000"
300,Villa,3,"Mallampet, Outer Ring Road",Suryodaya Green Space,Furnished,3,Bachelors,Immediately,1580,,,"₹24,000"
301,House,3,"Kokapet, Outer Ring Road",,Semi-Furnished,3,Bachelors/Family,Immediately,1600,1,,"₹52,000"
302,Villa,3,Mokila,Sri Mytri Avasa,Semi-Furnished,3,Bachelors/Family,Immediately,3000,,,"₹55,000"
303,Apartment,3,Gachibowli,Golf Edge,Furnished,3,Bachelors/Family,Immediately,1955,1,4800,"₹70,000"
304,Apartment,3,"Kukatpally Housing Board Colony, NH 9",Gopal Nagar Co Operative House Building Society,Semi-Furnished,3,Bachelors/Family,Immediately,1200,5,2500,"₹30,000"
305,Apartment,3,Puppalguda,EIPL CORNERSTONE,Semi-Furnished,3,Bachelors/Family,From May '25,1795,9,,"₹70,000"
306,Apartment,3,Hitech City,My Home Bhooja,Semi-Furnished,4,Bachelors,Immediately,3430,5,,₹2.7 Lac 
307,Apartment,3,"Kokapet, Outer Ring Road",Prestige Tranquil,Semi-Furnished,2,Bachelors,Immediately,894,2,5000,"₹53,000"
308,Apartment,3,Kismatpur Road,,Semi-Furnished,4,Bachelors/Family,Immediately,2400,2,,"₹50,000"
309,Villa,4,Mokila,Prime Alpenia Villas,Semi-Furnished,5,Bachelors/Family,Immediately,3000,,,"₹50,000"
310,Villa,4,Shankarpalle Rangareddy,TAG Singapur Town,Furnished,4,Family,Immediately,2400,,5000,"₹30,000"
311,Apartment,3,Film Nagar,,Semi-Furnished,3,Bachelors/Family,Immediately,2350,4,2000,"₹50,000"
312,Villa,2,Nizampet,,Semi-Furnished,2,Bachelors,Immediately,2500,,,"₹38,000"
313,Apartment,3,Hitech City,My Home Bhooja,Semi-Furnished,4,Bachelors,Immediately,3430,5,20000,₹3 Lac 
314,Apartment,2,Snehapuri Colony Borabanda,,Furnished,2,Bachelors/Family,Immediately,1100,2,,"₹25,000"
315,Villa,3,Osman Nagar,,Furnished,3,Bachelors/Family,Immediately,2400,,2500,"₹60,000"
316,House,3,Dammaiguda,,Semi-Furnished,3,Bachelors,Immediately,2000,,,"₹22,000"
317,Apartment,3,Attapur,Laxmi Vani Delight,Semi-Furnished,3,Bachelors/Family,Immediately,1597,5,,"₹24,500"
318,Villa,3,Kompally,Aparna Kanopy Lotus,Semi-Furnished,3,Bachelors/Family,Immediately,2500,,10514,"₹37,000"
319,Villa,4,Dargah Khaleej Khan,Rv Somwrita,Semi-Furnished,4,Bachelors/Family,Immediately,3100,,10000,"₹90,000"
320,Apartment,3,"Miyapur, NH 9",Hemadurga Heights,Unfurnished,2,Family,Immediately,1231,5,2000,"₹32,000"
321,House,3,Kompally,,Semi-Furnished,3,Bachelors/Family,Immediately,1500,1,,"₹24,000"
322,Villa,3,Shamshabad,Prajay Virgin County Phase 2,Semi-Furnished,3,Bachelors/Family,Immediately,2340,,4680,"₹29,000"
323,Apartment,4,Gachibowli,Jayabheri Orange County,Semi-Furnished,5,Family,Immediately,4055,7,20000,₹1.3 Lac 
324,Apartment,3,Jubilee Hills,,Furnished,3,Family,From May '25,2900,2,10000,₹1.5 Lac 
325,Apartment,1,Kondapur,,Unfurnished,1,Bachelors/Family,Immediately,650,1,,"₹26,000"
326,Apartment,2,"Banjara Hills, NH 9",,Semi-Furnished,2,Bachelors,Immediately,1250,2,,"₹16,500"
327,Apartment,3,"Ameerpet, NH 9",Sravanthi Solitaire Heights,Furnished,3,Bachelors/Family,Immediately,1875,1,,"₹65,000"
328,Apartment,2,Sayeedabad Colony,,Unfurnished,2,Bachelors,Immediately,1000,3,,"₹15,000"
329,House,2,Adibatla,,Unfurnished,2,Family,Immediately,1300,,,"₹14,000"
330,Apartment,3,Gachibowli,Vajras Jasmine County,Semi-Furnished,3,Bachelors/Family,Immediately,1840,9,5000,"₹52,000"
331,Apartment,3,Gachibowli,,Semi-Furnished,3,Family,Immediately,2268,,4000,"₹85,000"
332,Apartment,3,Kondapur,Bollineni Bion,Semi-Furnished,3,Bachelors/Family,Immediately,1840,8,,"₹65,000"
333,Apartment,3,"Kaithalapur, Borabanda",,Semi-Furnished,3,Family,Immediately,1450,4,2000,"₹40,000"
334,Apartment,3,Manikonda Jagir,Aparna WestSide,Furnished,4,Bachelors/Family,Immediately,2605,1,,"₹85,000"
335,,3,Raj Bhavan Road,,Furnished,3,Bachelors/Family,Immediately,4900,6,,"₹85,000"
336,Apartment,1,"Ameerpet, NH 9",,Unfurnished,1,Bachelors/Family,Immediately,555,1,,"₹10,000"
337,Apartment,3,Nalagandla,Aparna CyberLife,Semi-Furnished,3,Bachelors,Immediately,1965,6,7500,"₹38,000"
338,Villa,3,Patancheruvu,APR PRAVEENS GRANDIO,Unfurnished,3,Family,Immediately,2520,,,"₹30,000"
339,Villa,4,"Tellapur, Outer Ring Road",Muppas Indraprastha,Semi-Furnished,5,Family,Immediately,4050,,15000,₹1.2 Lac 
340,Apartment,3,Kondapur,,Furnished,4,Bachelors/Family,Immediately,2500,4,,₹1 Lac 
341,Apartment,1,Madhapur,,Furnished,1,Bachelors/Family,Immediately,600,4,1000,"₹27,500"
342,House,2,Ameenpur,,Semi-Furnished,2,Family,Immediately,1550,,1000,"₹30,000"
343,Apartment,3,HUDA Layout Nalagandla,PropertiesOperating Since: 20181000+ Buyers Served3 BHK Apartment for Rent in HUDA Layout Nalagandla HyderabadAparna Sarovar Zenith,Semi-Furnished,2,Family,Immediately,1200,2,5300,"₹50,000"
344,Villa,4,"Kokapet, Outer Ring Road",,Semi-Furnished,5,Bachelors/Family,Immediately,3700,,15000,₹1.4 Lac 
345,Villa,4,Nalagandla,RK CPR Bella Vista,Semi-Furnished,4,Bachelors/Family,Immediately,3925,,,₹1.1 Lac 
346,House,3,Yapral,,Semi-Furnished,3,Bachelors/Family,Immediately,4000,,,"₹50,000"
347,Apartment,4,"Banjara Hills, NH 9",,Semi-Furnished,4,Bachelors/Family,Immediately,2300,2,,"₹60,000"
348,Apartment,3,"Green Park, Jeedimetla, NH 7",Green Park,Unfurnished,3,Bachelors/Family,Immediately,1700,2,,"₹22,000"
349,Apartment,3,AS Rao Nagar,A S Rao Nagar,Semi-Furnished,3,Family,Immediately,1560,2,2000,"₹25,000"
350,House,2,Bhagya Lakshmi Colony,,Unfurnished,2,Family,Immediately,800,2,,"₹16,500"
351,Villa,3,Gowdavalli,Saket Bhu Sattva,Furnished,3,Family,From Jun '25,1800,,3000,"₹30,000"
352,Apartment,3,Neknampur,,Semi-Furnished,3,Bachelors,Immediately,1750,1,2000,"₹32,000"
353,Villa,3,Bachupally,Srinidhi Hill Park,Semi-Furnished,3,Bachelors/Family,From Jul '25,2007,,,"₹42,000"
354,House,2,Patelguda,,Semi-Furnished,2,Bachelors/Family,Immediately,1300,,,"₹15,000"
355,Villa,3,Nalagandla,Lakshmi Vihar Phase II,Semi-Furnished,3,Family,Immediately,2800,,4000,"₹45,000"
356,House,4,Sai Ram Nagar Colony Champapet,,Semi-Furnished,4,Family,From Jun '25,3000,,,"₹40,000"
357,Apartment,3,Sudarshan Nagar Colony,,Semi-Furnished,3,Family,Immediately,1900,2,2500,"₹40,000"
358,Apartment,2,New Nallakunta,,Semi-Furnished,2,Bachelors,Immediately,1125,2,,"₹28,000"
359,Apartment,2,"Narsingi, Outer Ring Road",,Furnished,2,Bachelors/Family,Immediately,1100,4,,"₹45,000"
360,Apartment,3,Yapral,KK Rohini Meadows,Semi-Furnished,3,Bachelors/Family,Immediately,1495,4,,"₹24,000"
361,Apartment,3,Saregudem,Vasu Sri Pride,Unfurnished,3,Bachelors/Family,Immediately,1500,3,1000,"₹18,000"
362,Apartment,4,"Banjara Hills, NH 9",,Semi-Furnished,3,Bachelors,Immediately,3360,2,10000,₹1.1 Lac 
363,Apartment,3,Sainikpuri,Janapriya Lakefront,Furnished,3,Family,Immediately,1100,7,2200,"₹30,000"
364,Apartment,3,Doctors Colony Madhapur,,Semi-Furnished,3,Family,Immediately,2200,4,7000,"₹80,000"
365,House,2,Ramdas Nagar Colony,,Semi-Furnished,2,Bachelors,Immediately,1120,,,"₹16,000"
366,,3,Bowenpally,,Semi-Furnished,3,Bachelors/Family,Immediately,1660,4,,"₹25,000"
367,Apartment,3,"Pragathi Nagar, Kukatpally",Ramky One Harmony,Semi-Furnished,3,Family,Immediately,1432,4,6380,"₹50,000"
368,Apartment,3,Puppalguda,Hallmark Empyrean,Semi-Furnished,2,Family,Immediately,1200,3,3250,"₹49,000"
369,Apartment,3,Khajaguda Nanakramguda Road,,Semi-Furnished,3,Bachelors,Immediately,1800,4,,"₹50,000"
370,Apartment,3,Kompally,Aparna Serenity,Semi-Furnished,3,Bachelors/Family,Immediately,2225,5,6000,"₹48,000"
371,Villa,4,Kowkoor yapral fortune avenue Back side patels bright view,,Unfurnished,4,Bachelors,Immediately,2200,,1000,"₹25,000"
372,Villa,2,East Anandbagh,,Unfurnished,2,Bachelors,Immediately,1400,,,"₹12,500"
373,Apartment,3,Nalagandla,Aparna Sarovar Zenith,Semi-Furnished,2,Bachelors,Immediately,1565,1,5000,"₹50,000"
374,Apartment,4,Gachibowli,Bricks Skywoods,Furnished,4,Bachelors/Family,Immediately,4000,1,,"₹90,000"
375,Apartment,3,"Banjara Hills, NH 9",,Semi-Furnished,3,Bachelors/Family,Immediately,2600,2,,"₹85,000"
376,Apartment,3,Kompally,Visions Cascade Greens,Semi-Furnished,3,Bachelors,Immediately,1500,1,5000,"₹32,000"
377,Apartment,2,Ameerpet,,Unfurnished,2,Bachelors/Family,Immediately,1300,4,,"₹20,000"
378,Villa,3,Gopanpalle,Aparna Cyber County,Semi-Furnished,4,Bachelors/Family,Immediately,3800,,,"₹80,000"
379,Villa,3,"Narsingi, Outer Ring Road",Mantri Euphoria,Furnished,3,Bachelors/Family,Immediately,3135,,,₹2.5 Lac 
380,Villa,4,Brindavan Colony Nizampet,Esswar Villas,Semi-Furnished,4,Bachelors/Family,Immediately,2000,,,"₹43,000"
381,Apartment,3,Kondapur,,Furnished,4,Bachelors,Immediately,2500,4,6000,₹1 Lac 
382,Apartment,3,"Sanath Nagar, NH 9",Kalpataru Residency,Semi-Furnished,3,Bachelors,Immediately,1820,1,,"₹52,000"
383,Apartment,3,Manikonda Jagir,Ambience Courtyard,Semi-Furnished,3,Bachelors,Immediately,1955,3,,"₹70,000"
384,,3,"Banjara Hills, NH 9",,Furnished,4,Bachelors/Family,Immediately,2550,1,,"₹60,000"
385,Apartment,3,Kondapur,,Furnished,3,Bachelors,Immediately,2275,1,7100,"₹90,000"
386,Apartment,2,Nalagandla,Eternal Homes,Semi-Furnished,2,Bachelors/Family,From Jul '25,1155,2,,"₹35,000"
387,Apartment,3,Kushaiguda,Vista Homes,Semi-Furnished,2,Bachelors/Family,Immediately,1220,5,2440,"₹19,000"
388,Villa,4,"Tellapur, Outer Ring Road",My Home Ankura,Semi-Furnished,4,Bachelors/Family,Immediately,4146,,10500,₹1.4 Lac 
389,House,3,Karmanghat Road,,Semi-Furnished,3,Bachelors,Immediately,1900,1,,"₹27,000"
390,Apartment,3,Gachibowli Kondapur Road,,Semi-Furnished,3,Bachelors,Immediately,1250,2,,"₹40,000"
391,Apartment,3,Yapral,Om Sree Heights,Semi-Furnished,3,Bachelors/Family,Immediately,2540,6,,"₹38,000"
392,,3,"Barkatpura, Kachiguda, NH 2 2",,Semi-Furnished,3,Bachelors/Family,Immediately,1800,2,2000,"₹40,000"
393,House,2,Residentntial house,,Furnished,2,Bachelors,Immediately,1250,,,"₹26,500"
394,Apartment,2,omkara rentals,,Semi-Furnished,2,Bachelors,Immediately,1000,5,2000,"₹22,000"
395,Apartment,2,Beeramguda Ramachandrapuram,Sri Mallikarjuna Residency,Unfurnished,2,Family,Immediately,1190,1,2000,"₹18,000"
396,Apartment,2,Bandlaguda Jagir,Jains Salzburg,Semi-Furnished,2,Bachelors/Family,Immediately,1091,6,2500,"₹30,000"
397,Apartment,3,Serilingampalle M,Aparna Sarovar,Semi-Furnished,3,Bachelors/Family,Immediately,1800,,,"₹47,000"
398,Apartment,3,Masjid Banda,Sumadhura Horizon,Furnished,3,Bachelors/Family,From Jun '25,1600,3,,"₹77,000"
399,Villa,4,"Kukatpally, NH 9",Beverly Palms,Semi-Furnished,4,Bachelors/Family,Immediately,3484,,7500,"₹60,000"
400,Apartment,2,Madeenaguda,Sais Santhosham,Furnished,2,Bachelors,Immediately,970,3,2500,"₹33,000"
401,Apartment,3,Jubilee Hills,,Furnished,3,Bachelors/Family,Immediately,2900,2,,₹1.3 Lac 
402,Apartment,3,Kompally,Srini Avenue,Semi-Furnished,3,Bachelors/Family,Immediately,2400,,,"₹40,000"
403,Apartment,2,"Ameerpet, NH 9",,Semi-Furnished,2,Bachelors,Immediately,900,4,,"₹26,000"
404,Villa,4,"Uppal, NH 2 2",Spanzilla,Furnished,5,Bachelors/Family,Immediately,3661,,,"₹40,000"
405,Apartment,3,Manikonda Jagir,Heavenly Hhc Gardenia,Semi-Furnished,3,Bachelors,Immediately,1500,2,,"₹40,000"
406,Villa,4,Kompally,The Neighbourhood,Semi-Furnished,5,Family,Immediately,2250,,5200,"₹35,000"
407,House,3,Alwal,,Semi-Furnished,3,Bachelors/Family,Immediately,1050,1,,"₹28,000"
408,Apartment,1,Jubilee Hills Check Post Road,,Unfurnished,1,Bachelors,Immediately,450,2,,"₹18,000"
409,Apartment,4,Gachibowli,Prestige High Fields,Semi-Furnished,4,Bachelors/Family,Immediately,2729,1,10000,"₹90,000"
410,Apartment,3,Kondapur,,Semi-Furnished,3,Bachelors/Family,Immediately,1600,3,1500,"₹39,000"
411,Apartment,3,Gachibowli,Ashoka Liviano,Semi-Furnished,2,Bachelors/Family,Immediately,1650,4,,"₹55,000"
412,Apartment,2,Manikonda Jagir,,Furnished,2,Bachelors,Immediately,1200,3,,"₹40,000"
413,Apartment,3,Madhapur,,Unfurnished,3,Bachelors,Immediately,1305,1,4200,"₹75,000"
414,House,3,Old Alwal,,Furnished,2,Bachelors,From Jun '25,1300,,,"₹25,000"
415,House,1,"Yadav Nagar, Secunderabad",,Semi-Furnished,1,Family,Immediately,700,,200,"₹14,000"
416,Apartment,3,Nalagandla,Aparna Sarovar,Furnished,3,Bachelors/Family,Immediately,1700,1,,"₹65,000"
417,Apartment,3,Kompally,Aparna Serenity,Furnished,3,Bachelors,Immediately,1920,,,"₹45,000"
418,Apartment,3,"Miyapur, NH 9",SMR Vinay Fountainhead,Semi-Furnished,3,Bachelors/Family,From Jun '25,1900,7,,"₹44,000"
419,Apartment,3,Kompally,Aparna Kanopy Marigold,Semi-Furnished,3,Bachelors/Family,Immediately,1960,6,,"₹45,000"
420,Apartment,3,Mallapur,,Semi-Furnished,2,Bachelors,Immediately,1660,3,,"₹30,000"
421,,3,"Adarsh Nagar, NH 7",,Semi-Furnished,3,Bachelors/Family,Immediately,2250,2,,"₹35,000"
422,Apartment,4,Ameenpur,Empire Meadows,Semi-Furnished,4,Bachelors/Family,Immediately,2400,3,3600,"₹45,000"
423,Apartment,3,Toli Chowki,Reliance Jubilee,Semi-Furnished,3,Bachelors/Family,Immediately,1890,3,,"₹37,000"
424,Villa,4,"Tukkuguda, Srisailam Highway",Vishal Sanjivini,Furnished,4,Bachelors/Family,Immediately,3700,,8000,"₹60,000"
425,Apartment,3,"Patrika Nagar, Hitech City",Sundarams Apurva Elegance Apartments,Furnished,3,Bachelors,Immediately,1850,5,3200,"₹65,000"
426,Apartment,4,"Financial District, Nanakram Guda",Pacifica Hillcrest,Furnished,4,Bachelors/Family,Immediately,2200,,10000,₹1 Lac 
427,House,2,Saidabad,,Semi-Furnished,2,Bachelors/Family,Immediately,2000,,,"₹14,000"
428,Apartment,3,"Pragathi Nagar, Kukatpally",Ramky One Harmony,Semi-Furnished,3,Bachelors/Family,Immediately,1595,8,,"₹35,000"
429,Apartment,3,Kondapur,GHR Titania,Semi-Furnished,3,Bachelors/Family,Immediately,1766,4,,"₹65,000"
430,House,4,"Habsiguda, NH 2 2",,Furnished,3,Bachelors,Immediately,2000,,,"₹75,000"
431,Villa,4,Rendlagadda,,Semi-Furnished,4,Family,From Jun '25,2300,,1000,"₹23,000"
432,Villa,4,Mokila,Raghuram ACS Prime VIllas,Semi-Furnished,4,Bachelors,Immediately,3466,,,"₹80,000"
433,Apartment,3,Mallapur,,Semi-Furnished,2,Bachelors/Family,Immediately,1359,1,,"₹22,000"
434,,2,Old Bowenpally,,Semi-Furnished,2,Bachelors/Family,Immediately,1000,2,,"₹11,000"
435,,1,"Hafeezpet, NH 9",,Semi-Furnished,1,Bachelors/Family,Immediately,460,2,,"₹14,000"
436,Villa,3,"Tellapur, Outer Ring Road",Incor Divino Villas,Furnished,4,Bachelors,Immediately,3500,,7500,"₹63,000"
437,Apartment,2,"Viharika Colony, Peerzadiguda",Sri Sai Grand Homes Bhagyalakshmi Condominiums,Unfurnished,2,Bachelors/Family,Immediately,1117,3,,"₹12,000"
438,House,2,Gachibowli,,Unfurnished,2,Bachelors,Immediately,1100,,,"₹28,000"
439,House,2,"Isnapur, Outer Ring Road",Venkateshwara Kuteer,Semi-Furnished,2,Bachelors/Family,Immediately,1500,,,"₹10,000"
440,House,2,"Saroornagar, NH 9",,Unfurnished,2,Bachelors/Family,Immediately,1300,,,"₹15,000"
441,House,2,Beeramguda Ramachandrapuram,,Unfurnished,2,Bachelors,Immediately,1000,2,,"₹16,500"
442,Apartment,2,Nizampet,,Furnished,2,Bachelors,Immediately,1100,4,,"₹22,000"
443,Apartment,3,Nalagandla,Aparna CyberLife,Furnished,3,Bachelors/Family,Immediately,1965,1,,"₹60,000"
444,Apartment,3,Nalagandla,,Semi-Furnished,3,Bachelors,Immediately,1850,1,,"₹40,000"
445,Apartment,3,Kondapur,SK Wonders,Furnished,3,Bachelors/Family,Immediately,1600,2,,"₹60,000"
446,House,3,"Banjara Hills, NH 9",,Furnished,3,Bachelors/Family,Immediately,2500,,,₹1.5 Lac 
447,Apartment,3,"Narsingi, Outer Ring Road",NCC Urban One,Semi-Furnished,3,Bachelors/Family,From Jun '25,1535,2,,"₹65,000"
448,Apartment,1,Kukatpally Housing Board Road,,Unfurnished,1,Bachelors,From Jun '25,480,,,"₹9,500"
449,House,2,Yapral,,Semi-Furnished,2,Bachelors,Immediately,1400,2,,"₹18,000"
450,Apartment,2,Chanda Nagar,Garudadri Residency,Semi-Furnished,2,Bachelors,Immediately,1140,3,,"₹25,000"
451,Apartment,3,Dargah Khaleej Khan,,Unfurnished,3,Family,Immediately,1000,1,1500,"₹20,000"
452,Apartment,3,"Narsingi, Outer Ring Road",Muppas Alankrita,Semi-Furnished,2,Bachelors/Family,From Jul '25,1465,2,,"₹45,000"
453,Apartment,3,New Nallakunta,My Home Jewel,Semi-Furnished,2,Bachelors,Immediately,1450,1,,"₹32,000"
454,Apartment,3,Kondapur,Urban,Unfurnished,3,Bachelors/Family,From Jun '25,1690,1,,"₹45,000"
455,Apartment,2,Nanakaramguda,Sumadhura Acropolis,Furnished,2,Bachelors/Family,From Jun '25,1800,2,4000,"₹55,000"
456,House,2,Bandlaguda Jagir,,Semi-Furnished,2,Bachelors/Family,Immediately,1000,,,"₹23,000"
457,Apartment,2,"Pragathi Nagar, Kukatpally",Ramky One Harmony,Unfurnished,2,Bachelors/Family,Immediately,1155,1,,"₹25,000"
458,Apartment,1,"Miyapur, NH 9",Ayyappa Residency,Furnished,2,Bachelors,From Jul '25,1050,1,1500,"₹16,000"
459,Apartment,2,"Isnapur, Outer Ring Road",Srinivasa Reliance Sunshine,Unfurnished,2,Bachelors,Immediately,925,2,,"₹11,000"
460,Apartment,2,"Isnapur, Outer Ring Road",Srinivasa Reliance Sunshine,Furnished,2,Bachelors,Immediately,840,1,2000,"₹16,000"
461,House,2,Ramachandrapuram,,Semi-Furnished,2,Bachelors/Family,Immediately,1200,,,"₹9,500"
462,Apartment,3,Gachibowli,Gauthami Iconia,Furnished,3,Bachelors/Family,Immediately,1895,1,,"₹60,000"
463,Apartment,3,Hasmathpet,SMR Instyle,Semi-Furnished,2,Family,Immediately,1100,1,2000,"₹22,000"
464,Villa,3,Water Tank Road,,Semi-Furnished,3,Bachelors,Immediately,1500,,2000,"₹25,000"
465,Apartment,3,Appa Junction Area,Indis PBEL City,Unfurnished,3,Family,Immediately,1638,1,4600,"₹48,000"
466,Apartment,3,Nizampet Miyapur Road,Namaha Landmark Residency,Semi-Furnished,3,Bachelors,Immediately,1500,6,,"₹55,000"
467,Apartment,3,"Hill County, Nizampet",,Semi-Furnished,4,Bachelors/Family,Immediately,1650,8,,"₹45,000"
468,Apartment,1,Sri Ram Nagar Kondapur,,Furnished,1,Bachelors/Family,Immediately,450,2,,"₹24,000"
469,Apartment,3,"Miyapur, NH 9",,Unfurnished,3,Bachelors,Immediately,1400,7,,"₹45,000"
470,Villa,3,ECIL,SR Sri Enclave NRI Colony,Semi-Furnished,3,Bachelors/Family,Immediately,2400,,1000,"₹23,000"
471,Apartment,3,Rajendranagar Mandal,,Semi-Furnished,2,Bachelors,Immediately,1316,2,,"₹35,000"
472,House,2,Patelguda,,Unfurnished,2,Bachelors,Immediately,1100,1,,"₹12,000"
473,Apartment,2,Bachupally,,Unfurnished,2,Bachelors,Immediately,1295,5,,"₹35,000"
474,Apartment,3,Santosh Nagar Mehdipatnam,,Semi-Furnished,2,Bachelors/Family,From Jun '25,1800,5,1500,"₹32,000"
475,Apartment,3,"Banjara Hills, NH 9",S S Naidu Archana Pearl,Semi-Furnished,2,Bachelors/Family,From May '25,1515,2,,"₹35,800"
476,Apartment,3,Gachibowli,,Furnished,3,Family,Immediately,2430,,,"₹75,000"
477,Apartment,3,"Raj Bhavan Quarters Colony, NH 9",Alpine Heights,Semi-Furnished,2,Family,Immediately,1900,8,4200,"₹44,000"
478,Apartment,3,Lalitha Nagar West Marredpally,Krupa Arushi Apartment,Semi-Furnished,3,Family,From Jun '25,1400,3,2500,"₹25,000"
479,Villa,4,Mokila,,Furnished,5,Bachelors,Immediately,3700,,,"₹69,000"
480,Apartment,3,Narayanguda,,Semi-Furnished,3,Bachelors,Immediately,1500,5,,"₹40,000"
481,Apartment,2,Nanakaramguda,Mohans Sai Signature,Unfurnished,2,Bachelors/Family,Immediately,1200,5,,"₹45,000"
482,Apartment,3,OU Colony Shaikpet,,Semi-Furnished,3,Bachelors/Family,Immediately,1350,1,2500,"₹33,500"
483,Apartment,2,TNGOS Colony,,Semi-Furnished,2,Bachelors,Immediately,1250,3,2000,"₹35,000"
484,Apartment,3,"Pragathi Nagar, Kukatpally",Ramky One Harmony,Semi-Furnished,3,Family,From Jun '25,1595,1,,"₹45,000"
485,Apartment,3,Madhura Nagar,Madhura Apartment,Semi-Furnished,3,Bachelors/Family,Immediately,2000,3,,"₹40,000"
486,Apartment,3,Kondapur,Creative Koven Udaya Cresent,Semi-Furnished,3,Bachelors/Family,Immediately,2225,2,,"₹70,000"
487,,2,Puttulaguda,,Unfurnished,2,Bachelors/Family,Immediately,800,,,"₹7,500"
488,Apartment,3,Begumpet,Mahaveer Palmgrove,Semi-Furnished,3,Bachelors/Family,Immediately,1475,,,"₹50,000"
489,House,3,Vivekananda Nagar Kukatpally,,Semi-Furnished,3,Bachelors/Family,Immediately,3000,,,"₹55,000"
490,Villa,3,Mokila,Sri Mytri Avasa,Semi-Furnished,2,Bachelors,Immediately,2384,,,"₹44,000"
491,Apartment,3,Dwaraka Nagar Gajularamaram,,Semi-Furnished,3,Bachelors,Immediately,1500,1,,"₹30,000"
492,Apartment,3,Nacharam,Raheja Vistas,Semi-Furnished,3,Bachelors,Immediately,1580,4,6000,"₹38,000"
493,Villa,3,Bachupally,Gokuls Brindavanam,Furnished,3,Bachelors/Family,Immediately,2200,,,"₹40,000"
494,Apartment,3,Bapu Nagar Langar Houz,,Semi-Furnished,2,Bachelors,Immediately,1300,2,,"₹20,000"
495,House,2,Mallikarjuna Nagar Colony,,Furnished,2,Bachelors/Family,Immediately,1532,,,"₹14,000"
496,,2,Yakhutpura,,Semi-Furnished,1,Bachelors/Family,Immediately,755,1,,"₹15,000"
497,House,2,Meerpet,,Semi-Furnished,2,Bachelors/Family,Immediately,1100,4,,"₹13,000"
498,Apartment,3,Kondapur,Aparna Hights I,Furnished,3,Family,Immediately,1399,6,16500,"₹50,000"
499,Apartment,3,Shamshabad,,Semi-Furnished,3,Bachelors/Family,Immediately,2060,2,,"₹55,000"
500,House,2,Manikonda Jagir,,Unfurnished,2,Bachelors/Family,Immediately,1000,,,"₹90,000"
501,Apartment,2,"Narsingi, Outer Ring Road",Rajapushpa Provincia,Semi-Furnished,2,,,1370,2,,"₹60,000"
502,House,3,Sainikpuri,,Unfurnished,4,Bachelors,Immediately,2800,1,1000,"₹30,000"
503,Apartment,2,Puppalguda,Magna Residency,Semi-Furnished,2,Bachelors,From Jun '25,1000,5,,"₹28,000"
504,House,4,Maheshwaram,,Furnished,5,Family,Immediately,5000,1,,₹1 Lac 
505,Apartment,2,Nalagandla,,Semi-Furnished,2,Bachelors,Immediately,1310,3,,"₹45,000"
506,Apartment,3,"Kokapet, Outer Ring Road",My Home Tarkshya,Furnished,3,Bachelors/Family,From Jul '25,2235,7,,"₹72,500"
507,,2,Kondapur,New Cyber Valley,Unfurnished,1,Bachelors/Family,Immediately,800,3,,"₹18,500"
508,Apartment,3,"Banjara Hills, NH 9",,Unfurnished,2,Bachelors,Immediately,1700,2,,"₹16,000"
509,Apartment,2,Masab Tank,Noble Residency,Furnished,2,Bachelors,Immediately,1400,4,,"₹35,000"
510,House,1,Badangpet,,Semi-Furnished,1,Bachelors/Family,Immediately,300,1,,"₹3,500"
511,House,4,Gun Rock Enclave,,Semi-Furnished,4,Bachelors/Family,Immediately,2600,,,"₹75,000"
512,Apartment,3,Kowkoor,Janapriya Arcadia,Semi-Furnished,3,Bachelors,From Jun '25,1150,3,,"₹14,500"
513,House,1,Attapur,Krishna Nilayam,Unfurnished,1,Bachelors,Immediately,200,,,"₹5,000"
514,Apartment,3,Gopanpalle,Honer Vivantis,Semi-Furnished,2,Bachelors/Family,Immediately,1570,1,,"₹45,000"
515,Apartment,3,Nalagandla,Aparna CyberLife,Semi-Furnished,3,Bachelors/Family,Immediately,1965,7,,"₹50,000"
516,Apartment,2,Kondapur,,Furnished,2,Bachelors/Family,From Jun '25,1180,3,1500,"₹30,000"
517,Villa,1,"Ramnagar Gundu, Adikmet, NH 2 2",,Semi-Furnished,1,Bachelors/Family,Immediately,1300,,,"₹8,000"
518,Apartment,3,Kompally,Vistara Delight Heights,Semi-Furnished,3,Bachelors,Immediately,1750,4,,"₹26,000"
519,Apartment,1,Langar Houz,,Semi-Furnished,1,Bachelors,Immediately,900,3,2000,"₹65,000"
520,Apartment,2,Gachibowli,Prestige High Fields,Unfurnished,2,Bachelors/Family,Immediately,1283,3,,"₹47,000"
521,Villa,3,Mokila,Sark Three,Unfurnished,3,Bachelors/Family,Immediately,2700,,5000,"₹60,000"
522,Villa,4,"Kismatpur, Outer Ring Road",,Furnished,4,Bachelors,Immediately,2232,,,"₹78,000"
523,Villa,3,Srisailam Highway,Ramky Discovery City,Semi-Furnished,4,Bachelors/Family,Immediately,,,,"₹30,000"
524,House,2,Bowenpally,,Semi-Furnished,2,Family,Immediately,1750,,,"₹30,000"
525,Apartment,3,Gachibowli,Pacifica Hillcrest,Semi-Furnished,3,Bachelors,Immediately,1209,1,60000,"₹46,000"
526,Apartment,3,Gajularamaram,Sri Balajis Dundhumulla Heights,Semi-Furnished,3,Bachelors,Immediately,1300,1,2000,"₹20,000"
527,Apartment,2,"Isnapur, Outer Ring Road",,Semi-Furnished,2,Bachelors,Immediately,1300,3,,"₹15,000"
528,House,3,Old Bowenpally,Sai Nivas,Unfurnished,3,Bachelors/Family,Immediately,1250,,,"₹17,000"
529,Apartment,4,Manikonda Jagir,Chitrapuri Colony,Unfurnished,3,Bachelors/Family,Immediately,2509,3,,"₹65,000"
530,Apartment,2,garnitha heights,,Semi-Furnished,2,Bachelors,Immediately,870,3,1500,"₹17,000"
531,Apartment,2,Nehru Nagar Ramanthpur,,Semi-Furnished,2,Bachelors,Immediately,900,3,,"₹20,000"
532,House,2,"Aghapura, Nampally, NH 7",,Unfurnished,1,Bachelors/Family,Immediately,1600,,,"₹22,000"
533,Villa,3,Gachibowli,Legend Marigold,Semi-Furnished,3,Bachelors/Family,Immediately,2800,,,"₹55,500"
534,Apartment,2,Srinagar Colony Malakpet Extension,,Semi-Furnished,2,Bachelors/Family,Immediately,1115,2,,"₹22,000"
535,Apartment,2,Qutub Shahi Tombs,Azhaan Residency,Semi-Furnished,2,Bachelors,Immediately,1000,5,,"₹26,000"
536,Villa,1,ramaneeya enclaves,,Unfurnished,1,Bachelors/Family,Immediately,150,,,"₹6,500"
537,Apartment,3,Gachibowli,,Furnished,2,Bachelors/Family,Immediately,1120,1,,"₹65,000"
538,Apartment,3,Jubilee Hills,The Serenade,Semi-Furnished,4,Bachelors/Family,Immediately,3100,1,,₹1.1 Lac 
539,,1,Jangaon,,Unfurnished,1,Bachelors/Family,Immediately,851,1,,"₹12,000"
540,House,1,"Hayat Nagar, Rajendra Nagar, Outer Ring Road",,Unfurnished,1,Bachelors/Family,Immediately,700,1,,"₹7,000"
541,,1,"Boduppal, NH 2 2",,Unfurnished,1,Bachelors/Family,Immediately,500,3,,"₹5,500"
542,Apartment,3,Gachibowli,,Semi-Furnished,3,Bachelors/Family,Immediately,1925,2,,"₹80,000"
543,House,2,Shamshabad,,Unfurnished,3,Bachelors,Immediately,,2,,"₹40,000"
544,Apartment,3,"Satyam Enclave, Komapally, NH 7",SLN Urbana,Semi-Furnished,3,Family,From Jun '25,1500,,3500,"₹25,000"
545,,2,Suraram,,Semi-Furnished,2,Bachelors/Family,Immediately,1020,1,,"₹13,000"
546,Apartment,2,Old Bowenpally,Sai Gopal Heavens,Semi-Furnished,2,Bachelors/Family,Immediately,1050,5,,"₹25,000"
547,House,2,"LB Nagar, NH 9",,Unfurnished,2,Bachelors/Family,Immediately,2700,,,"₹14,000"
548,Apartment,4,"Narsingi, Outer Ring Road",,Semi-Furnished,4,Bachelors/Family,Immediately,3038,1,,"₹85,000"
549,Apartment,2,Suchitra Road,Shweta Aryan,Semi-Furnished,2,Family,Immediately,1205,9,2410,"₹23,000"
550,Apartment,2,Secunderabad,,Semi-Furnished,2,Bachelors/Family,Immediately,1100,1,,"₹16,000"
551,Apartment,4,Kondapur,,Semi-Furnished,4,Bachelors/Family,Immediately,3250,1,,"₹60,000"
552,House,2,Osman Nagar,BEMMAC Housing Society,Unfurnished,2,Bachelors,Immediately,1620,1,,"₹23,000"
553,Apartment,3,Gachibowli,,Unfurnished,2,Bachelors/Family,Immediately,1400,1,,"₹48,000"
554,Apartment,2,Yapral,Meghadri Heights,Semi-Furnished,2,Bachelors,Immediately,1200,2,2000,₹1.2 Lac 
555,House,1,Bharath Nagar Ramanthapur,,Unfurnished,1,Family,Immediately,675,,100,"₹7,500"
556,Apartment,3,Mithila Nagar Pragathi Nagar,Marvel Grandeur Pragathi Nagar,Semi-Furnished,2,Bachelors/Family,Immediately,1440,1,,"₹27,000"
557,Apartment,3,Khajaguda,ACE Atlantis,Semi-Furnished,3,Bachelors,Immediately,1250,1,,"₹40,000"
558,Apartment,2,"Miyapur, NH 9",Jewel Gardens,Furnished,2,Family,Immediately,1215,2,,"₹25,000"
559,Apartment,3,Gachibowli,Manjeera Diamond Towers,Semi-Furnished,2,Bachelors,From Jul '25,1337,1,4192,"₹32,000"
560,House,2,Manikonda Jagir,Alkapoor Township,Unfurnished,2,Bachelors/Family,Immediately,850,2,,"₹21,000"
561,Apartment,2,"Kachiguda, NH 2 2",Kachiguda 1,Furnished,2,Bachelors/Family,Immediately,1400,4,1700,"₹22,500"
562,Apartment,3,Shaikpet,Aditya Empress Heights,Unfurnished,3,Bachelors/Family,Immediately,1710,6,,"₹36,000"
563,House,2,Old Safilguda,,Unfurnished,2,Bachelors/Family,Immediately,1350,,,"₹13,000"
564,House,2,Old Alwal,,Unfurnished,2,Bachelors/Family,Immediately,900,,,"₹10,000"
565,Apartment,3,Balkampet,,Furnished,3,Bachelors/Family,Immediately,2300,1,,"₹60,000"
566,Apartment,3,"Kachiguda, NH 2 2",Gayatri Mansion,Semi-Furnished,3,Bachelors,Immediately,1630,3,,"₹35,000"
567,House,3,margadarshi society,,Semi-Furnished,2,Bachelors/Family,Immediately,1400,,1000,"₹23,000"
568,Apartment,3,"Alkapur Township, Manikonda, Outer Ring Road",,Semi-Furnished,3,Bachelors/Family,Immediately,2085,2,4000,"₹40,000"
569,Villa,3,Mayuri Nagar Bachupally,Srinivasa Lake View Villas,Semi-Furnished,3,Family,Immediately,1650,,,"₹26,000"
570,Apartment,3,Nizampet Miyapur Road,,Furnished,3,Bachelors,From Jun '25,1150,4,,"₹35,000"
571,Apartment,3,"Manchirevula, Outer Ring Road",Hallmark Skyrena,Semi-Furnished,3,Bachelors/Family,Immediately,1935,8,,"₹65,000"
572,Villa,3,"Tellapur, Outer Ring Road",Incor Divino Villas,Semi-Furnished,4,Bachelors/Family,From Jun '25,2500,,8000,"₹55,000"
573,Apartment,3,Krishna Kunj Apartment Musheerabad,,Semi-Furnished,3,Bachelors/Family,Immediately,1700,2,,"₹30,000"
574,Apartment,3,"Kokapet, Outer Ring Road",Prestige Beverly Hills,Semi-Furnished,4,Bachelors/Family,Immediately,2124,1,,"₹82,000"
575,Apartment,3,"Kukatpally, NH 9",,Semi-Furnished,2,Bachelors/Family,Immediately,1300,1,,"₹40,000"
576,House,2,"Mallampet, Outer Ring Road",Dream Valley,Semi-Furnished,2,Bachelors,Immediately,1050,,,"₹18,000"
577,Villa,4,Kompally,Saket Bhu Sattva,Semi-Furnished,4,Bachelors,Immediately,2550,,,"₹35,000"
578,Apartment,3,Gopanpalle,SkypxLakeview,Semi-Furnished,2,Bachelors/Family,Immediately,1500,3,,"₹40,000"
579,Apartment,3,Manikonda Jagir,Gangothri Nakshatra,Semi-Furnished,3,Bachelors,Immediately,1850,1,,"₹25,000"
580,Apartment,3,Attapur,Janapriya Utopia II,Semi-Furnished,3,Bachelors/Family,Immediately,1400,4,,"₹24,000"
581,Apartment,3,Nizampet,Vazhraa Pushpak,Furnished,3,Bachelors,Immediately,1515,3,,"₹30,000"
582,House,3,Langar House South,Expressway Hyderabad,Semi-Furnished,2,Bachelors/Family,Immediately,1500,,500,"₹15,000"
583,Apartment,3,Kompally,,Furnished,3,Bachelors/Family,Immediately,2300,5,,"₹30,000"
584,Apartment,3,"Lakshmi's Cadillac, kondapur",,Semi-Furnished,3,Bachelors/Family,Immediately,1864,5,,"₹72,000"
585,Villa,2,Kowkoor,,Semi-Furnished,2,Family,Immediately,1700,,2500,"₹20,000"
586,House,2,Medipally,,Semi-Furnished,2,Bachelors/Family,Immediately,1000,,,"₹11,000"
587,House,2,near namaha rhythm,,Unfurnished,2,Bachelors/Family,Immediately,1050,1,500,"₹12,000"
588,House,1,Gajularamaram,,Unfurnished,1,Family,Immediately,200,,,"₹5,000"
589,Apartment,3,Gajularamaram,Modi Splendour,Semi-Furnished,3,Bachelors/Family,Immediately,1800,3,3000,"₹20,000"
590,Apartment,3,Madhapur,Sai Gayathri Grand,Unfurnished,2,Bachelors/Family,Immediately,1200,1,1500,"₹28,000"
591,Apartment,2,Sri Ram Nagar Kondapur,,Semi-Furnished,2,Bachelors,Immediately,1000,3,2000,"₹27,000"
592,Apartment,3,"Tellapur, Outer Ring Road",INCOR Bonsai Homes,Semi-Furnished,2,Bachelors,Immediately,1440,3,3500,"₹33,000"
593,Villa,4,Ranga Reddy Nagar Shamshabad,Suchirindia Timberleaf,Semi-Furnished,4,Family,Immediately,3800,,5600,"₹40,000"
594,Apartment,2,Puppalguda,Falcon,Semi-Furnished,2,Bachelors,Immediately,1100,1,,"₹32,000"
595,Apartment,3,Kondapur,,Semi-Furnished,4,Bachelors,From Jul '25,2566,5,,"₹60,000"
596,Apartment,2,Puppalguda,Falcon,Semi-Furnished,2,Bachelors/Family,Immediately,1090,1,,"₹32,000"
597,,2,Shapur Nagar,,Semi-Furnished,2,Bachelors/Family,Immediately,1100,3,,"₹16,000"
598,Villa,2,Gachibowli,My Home Vihanga,Semi-Furnished,2,Bachelors/Family,Immediately,1300,,,"₹28,000"
599,Apartment,1,Jubilee Hills,Jubilee Hills Complex,Furnished,1,Bachelors/Family,Immediately,750,6,,"₹12,000"
600,Apartment,3,Puppalguda,Sri Hemadurga Sivahills,Semi-Furnished,3,Family,Immediately,1766,6,4000,"₹56,000"
601,House,1,Ameenpur,,Unfurnished,1,Bachelors/Family,Immediately,500,,,"₹9,000"
602,Apartment,3,"Gopalnagar Society, Hafeezpet",Olive West,Semi-Furnished,3,Bachelors,Immediately,1200,1,,"₹35,000"
603,House,2,Bandlaguda Jagir,,Semi-Furnished,2,Bachelors,Immediately,900,1,,"₹18,000"
604,Apartment,2,Karkhana,Anand Arcade,Furnished,2,Bachelors/Family,Immediately,900,2,,"₹24,000"
605,Apartment,3,Osman Nagar,Bricks Cyberwoods,Semi-Furnished,3,Bachelors,Immediately,1700,1,,"₹43,000"
606,Apartment,2,Chanda Nagar,Aparna Hill Park Avenues,Semi-Furnished,2,Bachelors/Family,Immediately,1150,1,4000,"₹24,000"
607,Apartment,2,Sainikpuri,,Semi-Furnished,2,Bachelors,Immediately,1250,2,,"₹19,000"
608,Apartment,2,"Kokapet, Outer Ring Road",Lotus Grand,Semi-Furnished,2,Bachelors,Immediately,1233,6,,"₹42,000"
609,Apartment,3,Shaikpet,Tower Hills Residency,Furnished,3,Bachelors/Family,Immediately,1600,4,,"₹35,000"
610,House,2,Devi Bagh Red Hills,,Semi-Furnished,2,Bachelors/Family,Immediately,1250,,,"₹19,000"
611,Apartment,2,Ganeshpur,,Semi-Furnished,2,Bachelors/Family,Immediately,700,1,500,"₹11,000"
612,Apartment,2,Tirumala hills,,Unfurnished,2,Bachelors/Family,Immediately,990,4,,"₹21,000"
613,,4,MIGH Colony Mehdipatnam,,Semi-Furnished,2,Bachelors,Immediately,1600,,,"₹27,000"
614,Apartment,3,Chanda Nagar,,Unfurnished,2,Bachelors,From Jun '25,1460,4,,"₹22,000"
615,Apartment,3,Kakatiya Hills Kavuri Hills,,Semi-Furnished,3,Bachelors,From Jun '25,1650,5,,"₹50,000"
616,Apartment,3,Domalguda Himayatnagar,,Semi-Furnished,2,Bachelors/Family,Immediately,1500,1,,"₹28,000"
617,House,2,"Nampally, NH 7",,Semi-Furnished,1,Bachelors/Family,Immediately,1000,,,"₹12,000"
618,House,1,Vinayak Nagar Colony Shaikpet,,Unfurnished,1,Bachelors/Family,Immediately,550,,,"₹12,000"
619,Villa,2,Osman Nagar,BHEL Employees Cyber Colony,Unfurnished,2,Bachelors,Immediately,1400,,1250,"₹20,000"
620,Apartment,4,Puppalguda,,Semi-Furnished,3,Bachelors,Immediately,2500,1,,"₹50,000"
621,Apartment,3,"Financial District, Nanakram Guda",,,3,Family,Immediately,1810,9,6000,"₹58,000"
622,Apartment,2,Greater Infras Jewel paradise,,Semi-Furnished,2,Bachelors/Family,Immediately,1350,4,,"₹30,000"
623,Apartment,2,"The Retreat, Kokapet",",The Retreat, Kokapet, Hyderabad HyderabadThe Retreat",Semi-Furnished,2,Family,Immediately,1250,6,,"₹34,000"
624,Villa,4,Phase 15 Road,,Semi-Furnished,4,Bachelors,Immediately,4000,,,"₹70,000"
625,Apartment,3,Bachupally,Srinidhis Indraprastha Residency,Semi-Furnished,3,Bachelors/Family,Immediately,1200,4,,"₹32,000"
626,Apartment,3,"Banjara Hills, NH 9",Banjara Hills 2,Furnished,3,Bachelors/Family,Immediately,3000,3,,₹1.3 Lac 
627,Apartment,2,Ram Nagar,,Unfurnished,2,Bachelors/Family,Immediately,1100,3,1500,"₹22,000"
628,Apartment,2,Nalagandla,Adityas Silicon Heights,Furnished,2,Bachelors/Family,From Jun '25,1255,6,3000,"₹40,000"
629,Villa,2,Rampally,Modi Nilgiri Estate,Unfurnished,2,Bachelors,Immediately,1050,,,"₹8,000"
630,Villa,4,"Vishal Sanjivini, Tukkuguda",Hyderabad,Semi-Furnished,4,Bachelors/Family,Immediately,3400,,,"₹75,000"
631,Apartment,3,Raj Bhavan Road,,Semi-Furnished,3,Bachelors,Immediately,1985,3,4200,"₹45,000"
632,House,2,Mythri hill view IDA BOLLARAM,,Furnished,2,Bachelors/Family,Immediately,1250,,,"₹19,000"
633,Apartment,3,Medipally,Sneha Residency,Unfurnished,2,Bachelors,Immediately,1500,4,,"₹25,000"
634,,2,Vishnupuri Colony Peerzadiguda,,Unfurnished,3,Bachelors/Family,Immediately,1300,1,500,"₹12,000"
635,House,2,"East Sudha Nagar, Sainathapuram , Old Safilguda",,Semi-Furnished,2,Bachelors/Family,Immediately,1600,,,"₹24,000"
636,Apartment,2,Gachibowli,Srinija Gayatri Hills,Semi-Furnished,2,Bachelors,Immediately,1200,4,2100,"₹34,000"
637,Apartment,3,"Miyapur, NH 9",Janapriya Nile Valley,Semi-Furnished,3,Bachelors/Family,Immediately,1715,5,5000,"₹40,000"
638,Villa,3,"Miyapur, NH 9",Lakshmi Narayana Estates,Furnished,3,Bachelors,Immediately,1800,,,"₹22,500"
639,House,4,Janwada,,Furnished,4,Bachelors/Family,Immediately,4500,,22000,₹1.8 Lac 
640,Apartment,3,Camelot Layout,Sravanthi Serenity 2,Unfurnished,3,Bachelors/Family,Immediately,2259,,,"₹75,000"
641,House,1,"Kranthi Colony, Peerzadiguda",,Unfurnished,1,Family,Immediately,800,,,"₹6,000"
642,Apartment,1,Rajendranagar Mandal,Provident Kenworth,Unfurnished,1,Bachelors/Family,Immediately,610,4,3000,"₹20,500"
643,Apartment,2,Hamid Residency,,Semi-Furnished,2,Bachelors/Family,Immediately,1050,,2000,"₹20,500"
644,Apartment,3,Janachaitanya Colony,Jana Chaitanya,Unfurnished,2,Bachelors,Immediately,1326,2,,"₹24,000"
645,Apartment,3,Mallapur,EAPL Sri Tirumala Millennium,Semi-Furnished,2,Bachelors,Immediately,1269,1,3000,"₹27,000"
646,Apartment,2,Lanco Hills Road,,Furnished,2,Bachelors,Immediately,1350,1,,"₹58,000"
647,Apartment,3,Kondapur,Reliance Paradise,Semi-Furnished,2,Bachelors/Family,Immediately,1543,5,,"₹42,000"
648,Apartment,3,Gokul plots,,Furnished,3,Bachelors/Family,From Jun '25,1633,2,,"₹40,000"
649,,2,Paramount Hills,,,,Bachelors/Family,Immediately,1370,,,"₹60,000"
650,Apartment,3,Kompally,Aparna Kanopy Tulip,Semi-Furnished,3,Bachelors/Family,Immediately,1440,1,,"₹25,000"
651,Apartment,4,Divine Apartment,,Furnished,4,Family,Immediately,5335,3,15000,₹3 Lac 
652,House,2,Bairagiguda,,Unfurnished,2,Family,Immediately,,,,"₹19,000"
653,Apartment,3,"Kokapet, Outer Ring Road",ASBL Spire,Furnished,3,Bachelors,Immediately,1905,1,,"₹90,000"
654,Villa,1,Bhagyalatha Colony,,Furnished,1,Bachelors/Family,Immediately,450,,,"₹15,000"
655,House,2,Miyapur Road,,Semi-Furnished,2,Bachelors,From Jun '25,1100,2,,"₹20,000"
656,Apartment,3,gokul plots,,Furnished,3,Bachelors,Immediately,1633,2,2000,"₹40,000"
657,House,1,Industrial Development Area Mallapur,,Unfurnished,1,Bachelors,Immediately,700,,,"₹16,000"
658,Apartment,3,Shaikpet,Aditya Empress Towers,Semi-Furnished,3,Bachelors/Family,Immediately,1890,2,,"₹53,000"
659,House,2,HIG Phase 2,,Semi-Furnished,2,Bachelors,Immediately,1198,,500,"₹23,000"
660,Apartment,3,"Miyapur, NH 9",Aliens Elite,Semi-Furnished,3,Bachelors/Family,Immediately,2020,2,,"₹35,000"
661,House,2,ECIL Keesara Road,,Unfurnished,2,Bachelors/Family,Immediately,,,,"₹12,000"
662,Apartment,3,Manikonda Jagir,Manikonda Society,,3,Bachelors/Family,Immediately,2000,5,8000,₹1.2 Lac 
663,Apartment,3,Sreenivasam Enclave,,Semi-Furnished,3,Family,Immediately,1600,4,2500,"₹35,000"
664,Apartment,3,Guttala Begumpet,Hyderabad,Furnished,3,Bachelors/Family,Immediately,1700,4,,"₹36,000"
665,Apartment,3,"Miyapur, NH 9",Amulya Fortune,Furnished,3,Bachelors/Family,Immediately,1500,4,,"₹29,000"
666,Apartment,2,Kakatiya Hills Vasanth Nagar Colony,,Furnished,2,Bachelors/Family,From Jul '25,1282,3,2500,"₹38,000"
667,Apartment,3,Suchitra Road,Sri Ram Garden By Jains,Semi-Furnished,3,Bachelors,Immediately,1910,8,,"₹55,000"
668,Apartment,2,HMT Swarnapuri Colony,Hyderabad,Furnished,2,Bachelors/Family,Immediately,1024,2,,"₹18,000"
669,House,2,Vishnupuri Colony Peerzadiguda,,Semi-Furnished,3,Bachelors/Family,Immediately,1300,,,"₹15,000"
670,Apartment,3,Road Number 10,,Semi-Furnished,3,Bachelors/Family,Immediately,2200,5,,"₹60,000"
671,Apartment,3,Anushka Towers,,Furnished,3,Bachelors,Immediately,1450,1,2000,"₹30,000"
672,Apartment,2,"Miyapur, NH 9",Prajapati Elite,Semi-Furnished,2,Bachelors/Family,Immediately,1155,1,,"₹26,000"
673,House,2,Himayat Nagar Road,,Unfurnished,2,Bachelors/Family,Immediately,80,,,"₹17,000"
674,Apartment,3,Bahadurpally,Primarks Destature,Furnished,3,Bachelors/Family,From May '25,1985,4,,"₹32,000"
675,Apartment,3,Manikonda Jagir,Sandy Springs Apartment,Semi-Furnished,3,Bachelors/Family,Immediately,2200,4,,"₹45,000"
676,Apartment,4,Barkha Residency,,Semi-Furnished,3,Bachelors/Family,Immediately,1800,3,,"₹50,000"
677,Apartment,3,Sree Sai Srinivasa nilayam,,Furnished,2,Bachelors,Immediately,1500,1,,"₹30,000"
678,House,1,Shivasai Nagar Bairagiguda,,Unfurnished,1,Bachelors/Family,Immediately,,,,"₹13,000"
679,Apartment,2,"Isnapur, Outer Ring Road",Advent Homes,Semi-Furnished,2,Bachelors/Family,Immediately,1050,5,2000,"₹20,000"
680,House,2,Krishna Reddy Pet,,Semi-Furnished,2,Bachelors,Immediately,1150,,,"₹15,000"
681,,3,Ap Textbook colony,,Unfurnished,3,Bachelors,Immediately,1500,2,,"₹27,000"
682,Villa,3,Srinivasa lake view Villas Bachupally,,Semi-Furnished,3,Bachelors,Immediately,2200,,,"₹35,000"
683,Apartment,3,Skill Estates Humayu Nagar,,Unfurnished,2,Bachelors,Immediately,1300,2,,"₹45,000"
684,House,1,Lingampally,,Unfurnished,1,Bachelors/Family,Immediately,500,,,"₹10,000"
685,,1,My home jewel madinaguda,Hyderabad,Furnished,1,Bachelors/Family,Immediately,690,4,,"₹12,000"
686,Apartment,2,Prakasham Panthulu Nagar,,Furnished,2,Bachelors,Immediately,780,1,,"₹14,000"
687,House,2,Yellampet,,Unfurnished,1,Bachelors,Immediately,1300,,500,"₹12,000"
688,Villa,3,Thirusankalp villas nizampet,,Semi-Furnished,3,Bachelors,Immediately,1800,,,"₹40,000"
689,Apartment,2,"Kavadiguda, NH 7",Salarpuria Sattva Necklace Pride,Semi-Furnished,2,Bachelors,Immediately,1280,3,4500,"₹45,000"
